,Bacteria Name,has multidrug efflux pump_bact,performs hydrolysis_bact,porin loss_bact,porin mutation_bact,PBP modification_bact,ribosomal methylation_bact,biofilm protection_bact,target alteration_bact,target replacement_bact,target overexpression_bact,inactivation_bact,gram_negative_bact,outer_membrane_bact,intrinsic_beta_lactamase_bact,non_fermenter_bact,Antibiotic Name,has multidrug efflux pump_abx,performs hydrolysis_abx,porin loss_abx,porin mutation_abx,PBP modification_abx,ribosomal methylation_abx,biofilm protection_abx,target alteration_abx,target replacement_abx,target overexpression_abx,inactivation_abx,gram_negative_abx,outer_membrane_abx,intrinsic_beta_lactamase_abx,non_fermenter_abx,Total Vulnerability,Resistance,has multidrug efflux pump factor,performs hydrolysis factor,porin loss factor,porin mutation factor,PBP modification factor,ribosomal methylation factor,biofilm protection factor,target alteration factor,target replacement factor,target overexpression factor,inactivation factor,gram_negative factor,outer_membrane factor,intrinsic_beta_lactamase factor,non_fermenter factor
0,Mycoplasma pneumoniae,0,0,0,0,0,0,1,0,0,0,0,0,0,0,0,Ampicillin,0.4,0.9,0.5,0.5,0.9,0.0,0.9,1.0,1.0,0.5,0.9,0.5,0.5,0.9,0.9,0.9,0.06,0.0,0.0,0.0,0.0,0.0,0.0,0.9,0.0,0.0,0.0,0.0,0.0,0.0,0.0,0.0
1,Mycoplasma pneumoniae,0,0,0,0,0,0,1,0,0,0,0,0,0,0,0,Azithromycin,0.8,0.4,0.1,0.1,0.0,0.9,0.6,1.0,0.7,0.4,0.5,0.9,0.8,0.1,0.9,0.6,0.04,0.0,0.0,0.0,0.0,0.0,0.0,0.6,0.0,0.0,0.0,0.0,0.0,0.0,0.0,0.0
2,Mycoplasma pneumoniae,0,0,0,0,0,0,1,0,0,0,0,0,0,0,0,Imipenem,0.3,0.7,0.8,0.6,0.6,0.0,0.7,0.2,0.1,0.1,0.5,0.4,0.4,0.3,0.2,0.7,0.05,0.0,0.0,0.0,0.0,0.0,0.0,0.7,0.0,0.0,0.0,0.0,0.0,0.0,0.0,0.0
3,Mycoplasma pneumoniae,0,0,0,0,0,0,1,0,0,0,0,0,0,0,0,Meropenem,0.4,0.8,0.8,0.6,0.5,0.0,0.7,0.2,0.1,0.1,0.5,0.4,0.4,0.3,0.2,0.7,0.05,0.0,0.0,0.0,0.0,0.0,0.0,0.7,0.0,0.0,0.0,0.0,0.0,0.0,0.0,0.0
4,Mycoplasma pneumoniae,0,0,0,0,0,0,1,0,0,0,0,0,0,0,0,Meropenem-vaborbactam,0.3,0.2,0.7,0.5,0.5,0.0,0.6,0.2,0.1,0.1,0.2,0.4,0.4,0.1,0.2,0.6,0.04,0.0,0.0,0.0,0.0,0.0,0.0,0.6,0.0,0.0,0.0,0.0,0.0,0.0,0.0,0.0
5,Mycoplasma pneumoniae,0,0,0,0,0,0,1,0,0,0,0,0,0,0,0,Cefepime,0.4,0.6,0.5,0.4,0.7,0.0,0.6,0.2,0.1,0.1,0.5,0.3,0.3,0.4,0.3,0.6,0.04,0.0,0.0,0.0,0.0,0.0,0.0,0.6,0.0,0.0,0.0,0.0,0.0,0.0,0.0,0.0
6,Mycoplasma pneumoniae,0,0,0,0,0,0,1,0,0,0,0,0,0,0,0,Cefiderocol,0.2,0.3,0.1,0.1,0.4,0.0,0.5,0.2,0.1,0.1,0.5,0.2,0.1,0.1,0.1,0.5,0.03,0.0,0.0,0.0,0.0,0.0,0.0,0.5,0.0,0.0,0.0,0.0,0.0,0.0,0.0,0.0
7,Mycoplasma pneumoniae,0,0,0,0,0,0,1,0,0,0,0,0,0,0,0,Cefixime,0.5,0.7,0.5,0.4,0.7,0.0,0.6,0.2,0.1,0.1,0.5,0.4,0.4,0.7,0.8,0.6,0.04,0.0,0.0,0.0,0.0,0.0,0.0,0.6,0.0,0.0,0.0,0.0,0.0,0.0,0.0,0.0
8,Mycoplasma pneumoniae,0,0,0,0,0,0,1,0,0,0,0,0,0,0,0,Cefoperazone-sulbactam,0.4,0.3,0.5,0.4,0.6,0.0,0.6,0.2,0.1,0.1,0.3,0.4,0.4,0.2,0.3,0.6,0.04,0.0,0.0,0.0,0.0,0.0,0.0,0.6,0.0,0.0,0.0,0.0,0.0,0.0,0.0,0.0
9,Mycoplasma pneumoniae,0,0,0,0,0,0,1,0,0,0,0,0,0,0,0,Cefoxitin,0.4,0.5,0.5,0.4,0.7,0.0,0.6,0.2,0.1,0.1,0.4,0.4,0.4,0.6,0.8,0.6,0.04,0.0,0.0,0.0,0.0,0.0,0.0,0.6,0.0,0.0,0.0,0.0,0.0,0.0,0.0,0.0
10,Mycoplasma pneumoniae,0,0,0,0,0,0,1,0,0,0,0,0,0,0,0,Cefpodoxime,0.5,0.7,0.5,0.4,0.7,0.0,0.6,0.2,0.1,0.1,0.5,0.4,0.4,0.7,0.8,0.6,0.04,0.0,0.0,0.0,0.0,0.0,0.0,0.6,0.0,0.0,0.0,0.0,0.0,0.0,0.0,0.0
11,Mycoplasma pneumoniae,0,0,0,0,0,0,1,0,0,0,0,0,0,0,0,Ceftaroline,0.3,0.5,0.4,0.3,0.5,0.0,0.6,0.2,0.1,0.1,0.4,0.4,0.4,0.5,0.8,0.6,0.04,0.0,0.0,0.0,0.0,0.0,0.0,0.6,0.0,0.0,0.0,0.0,0.0,0.0,0.0,0.0
12,Mycoplasma pneumoniae,0,0,0,0,0,0,1,0,0,0,0,0,0,0,0,Ceftazidime-avibactam,0.3,0.2,0.5,0.4,0.5,0.0,0.6,0.2,0.1,0.1,0.2,0.4,0.4,0.2,0.2,0.6,0.04,0.0,0.0,0.0,0.0,0.0,0.0,0.6,0.0,0.0,0.0,0.0,0.0,0.0,0.0,0.0
13,Mycoplasma pneumoniae,0,0,0,0,0,0,1,0,0,0,0,0,0,0,0,Ceftibuten,0.5,0.7,0.5,0.4,0.7,0.0,0.6,0.2,0.1,0.1,0.5,0.4,0.4,0.7,0.8,0.6,0.04,0.0,0.0,0.0,0.0,0.0,0.0,0.6,0.0,0.0,0.0,0.0,0.0,0.0,0.0,0.0
14,Mycoplasma pneumoniae,0,0,0,0,0,0,1,0,0,0,0,0,0,0,0,Ceftolozane-tazobactam,0.3,0.2,0.5,0.4,0.5,0.0,0.6,0.2,0.1,0.1,0.2,0.4,0.4,0.2,0.2,0.6,0.04,0.0,0.0,0.0,0.0,0.0,0.0,0.6,0.0,0.0,0.0,0.0,0.0,0.0,0.0,0.0
15,Mycoplasma pneumoniae,0,0,0,0,0,0,1,0,0,0,0,0,0,0,0,Ceftriaxone,0.5,0.7,0.5,0.4,0.7,0.0,0.6,0.2,0.1,0.1,0.5,0.4,0.4,0.7,0.8,0.6,0.04,0.0,0.0,0.0,0.0,0.0,0.0,0.6,0.0,0.0,0.0,0.0,0.0,0.0,0.0,0.0
16,Mycoplasma pneumoniae,0,0,0,0,0,0,1,0,0,0,0,0,0,0,0,Amikacin,0.5,0.1,0.3,0.2,0.0,0.8,0.7,0.7,0.1,0.1,0.7,0.3,0.3,0.0,0.3,0.7,0.05,0.0,0.0,0.0,0.0,0.0,0.0,0.7,0.0,0.0,0.0,0.0,0.0,0.0,0.0,0.0
17,Mycoplasma pneumoniae,0,0,0,0,0,0,1,0,0,0,0,0,0,0,0,Gentamicin,0.6,0.1,0.3,0.2,0.0,0.9,0.7,0.7,0.1,0.1,0.8,0.3,0.3,0.0,0.3,0.7,0.05,0.0,0.0,0.0,0.0,0.0,0.0,0.7,0.0,0.0,0.0,0.0,0.0,0.0,0.0,0.0
18,Mycoplasma pneumoniae,0,0,0,0,0,0,1,0,0,0,0,0,0,0,0,Erythromycin,0.8,0.1,0.2,0.2,0.0,0.9,0.7,0.8,0.1,0.2,0.6,0.9,0.8,0.0,0.9,0.7,0.05,0.0,0.0,0.0,0.0,0.0,0.0,0.7,0.0,0.0,0.0,0.0,0.0,0.0,0.0,0.0
19,Mycoplasma pneumoniae,0,0,0,0,0,0,1,0,0,0,0,0,0,0,0,Amoxicillin-clavulanate,0.5,0.2,0.4,0.3,0.7,0.0,0.6,0.2,0.1,0.1,0.2,0.5,0.5,0.2,0.8,0.6,0.04,0.0,0.0,0.0,0.0,0.0,0.0,0.6,0.0,0.0,0.0,0.0,0.0,0.0,0.0,0.0
20,Mycoplasma pneumoniae,0,0,0,0,0,0,1,0,0,0,0,0,0,0,0,Ampicillin-sulbactam,0.5,0.2,0.4,0.3,0.7,0.0,0.6,0.2,0.1,0.1,0.2,0.5,0.5,0.2,0.8,0.6,0.04,0.0,0.0,0.0,0.0,0.0,0.0,0.6,0.0,0.0,0.0,0.0,0.0,0.0,0.0,0.0
21,Mycoplasma pneumoniae,0,0,0,0,0,0,1,0,0,0,0,0,0,0,0,Oxacillin,0.4,0.8,0.3,0.2,0.9,0.0,0.6,0.2,0.1,0.1,0.6,0.6,0.6,0.8,0.9,0.6,0.04,0.0,0.0,0.0,0.0,0.0,0.0,0.6,0.0,0.0,0.0,0.0,0.0,0.0,0.0,0.0
22,Escherichia coli,1,1,1,1,0,0,1,1,0,1,1,1,1,0,0,Ampicillin,0.4,0.9,0.5,0.5,0.9,0.0,0.9,1.0,1.0,0.5,0.9,0.5,0.5,0.9,0.9,6.6,0.44,0.4,0.9,0.5,0.5,0.0,0.0,0.9,1.0,0.0,0.5,0.9,0.5,0.5,0.0,0.0
23,Escherichia coli,1,1,1,1,0,0,1,1,0,1,1,1,1,0,0,Azithromycin,0.8,0.4,0.1,0.1,0.0,0.9,0.6,1.0,0.7,0.4,0.5,0.9,0.8,0.1,0.9,5.6,0.37,0.8,0.4,0.1,0.1,0.0,0.0,0.6,1.0,0.0,0.4,0.5,0.9,0.8,0.0,0.0
24,Escherichia coli,1,1,1,1,0,0,1,1,0,1,1,1,1,0,0,Imipenem,0.3,0.7,0.8,0.6,0.6,0.0,0.7,0.2,0.1,0.1,0.5,0.4,0.4,0.3,0.2,4.7,0.31,0.3,0.7,0.8,0.6,0.0,0.0,0.7,0.2,0.0,0.1,0.5,0.4,0.4,0.0,0.0
25,Escherichia coli,1,1,1,1,0,0,1,1,0,1,1,1,1,0,0,Meropenem,0.4,0.8,0.8,0.6,0.5,0.0,0.7,0.2,0.1,0.1,0.5,0.4,0.4,0.3,0.2,4.9,0.33,0.4,0.8,0.8,0.6,0.0,0.0,0.7,0.2,0.0,0.1,0.5,0.4,0.4,0.0,0.0
26,Escherichia coli,1,1,1,1,0,0,1,1,0,1,1,1,1,0,0,Meropenem-vaborbactam,0.3,0.2,0.7,0.5,0.5,0.0,0.6,0.2,0.1,0.1,0.2,0.4,0.4,0.1,0.2,3.6,0.24,0.3,0.2,0.7,0.5,0.0,0.0,0.6,0.2,0.0,0.1,0.2,0.4,0.4,0.0,0.0
27,Escherichia coli,1,1,1,1,0,0,1,1,0,1,1,1,1,0,0,Cefepime,0.4,0.6,0.5,0.4,0.7,0.0,0.6,0.2,0.1,0.1,0.5,0.3,0.3,0.4,0.3,3.9,0.26,0.4,0.6,0.5,0.4,0.0,0.0,0.6,0.2,0.0,0.1,0.5,0.3,0.3,0.0,0.0
28,Escherichia coli,1,1,1,1,0,0,1,1,0,1,1,1,1,0,0,Cefiderocol,0.2,0.3,0.1,0.1,0.4,0.0,0.5,0.2,0.1,0.1,0.5,0.2,0.1,0.1,0.1,2.3,0.15,0.2,0.3,0.1,0.1,0.0,0.0,0.5,0.2,0.0,0.1,0.5,0.2,0.1,0.0,0.0
29,Escherichia coli,1,1,1,1,0,0,1,1,0,1,1,1,1,0,0,Cefixime,0.5,0.7,0.5,0.4,0.7,0.0,0.6,0.2,0.1,0.1,0.5,0.4,0.4,0.7,0.8,4.3,0.29,0.5,0.7,0.5,0.4,0.0,0.0,0.6,0.2,0.0,0.1,0.5,0.4,0.4,0.0,0.0
30,Escherichia coli,1,1,1,1,0,0,1,1,0,1,1,1,1,0,0,Cefoperazone-sulbactam,0.4,0.3,0.5,0.4,0.6,0.0,0.6,0.2,0.1,0.1,0.3,0.4,0.4,0.2,0.3,3.6,0.24,0.4,0.3,0.5,0.4,0.0,0.0,0.6,0.2,0.0,0.1,0.3,0.4,0.4,0.0,0.0
31,Escherichia coli,1,1,1,1,0,0,1,1,0,1,1,1,1,0,0,Cefoxitin,0.4,0.5,0.5,0.4,0.7,0.0,0.6,0.2,0.1,0.1,0.4,0.4,0.4,0.6,0.8,3.9,0.26,0.4,0.5,0.5,0.4,0.0,0.0,0.6,0.2,0.0,0.1,0.4,0.4,0.4,0.0,0.0
32,Escherichia coli,1,1,1,1,0,0,1,1,0,1,1,1,1,0,0,Cefpodoxime,0.5,0.7,0.5,0.4,0.7,0.0,0.6,0.2,0.1,0.1,0.5,0.4,0.4,0.7,0.8,4.3,0.29,0.5,0.7,0.5,0.4,0.0,0.0,0.6,0.2,0.0,0.1,0.5,0.4,0.4,0.0,0.0
33,Escherichia coli,1,1,1,1,0,0,1,1,0,1,1,1,1,0,0,Ceftaroline,0.3,0.5,0.4,0.3,0.5,0.0,0.6,0.2,0.1,0.1,0.4,0.4,0.4,0.5,0.8,3.6,0.24,0.3,0.5,0.4,0.3,0.0,0.0,0.6,0.2,0.0,0.1,0.4,0.4,0.4,0.0,0.0
34,Escherichia coli,1,1,1,1,0,0,1,1,0,1,1,1,1,0,0,Ceftazidime-avibactam,0.3,0.2,0.5,0.4,0.5,0.0,0.6,0.2,0.1,0.1,0.2,0.4,0.4,0.2,0.2,3.3,0.22,0.3,0.2,0.5,0.4,0.0,0.0,0.6,0.2,0.0,0.1,0.2,0.4,0.4,0.0,0.0
35,Escherichia coli,1,1,1,1,0,0,1,1,0,1,1,1,1,0,0,Ceftibuten,0.5,0.7,0.5,0.4,0.7,0.0,0.6,0.2,0.1,0.1,0.5,0.4,0.4,0.7,0.8,4.3,0.29,0.5,0.7,0.5,0.4,0.0,0.0,0.6,0.2,0.0,0.1,0.5,0.4,0.4,0.0,0.0
36,Escherichia coli,1,1,1,1,0,0,1,1,0,1,1,1,1,0,0,Ceftolozane-tazobactam,0.3,0.2,0.5,0.4,0.5,0.0,0.6,0.2,0.1,0.1,0.2,0.4,0.4,0.2,0.2,3.3,0.22,0.3,0.2,0.5,0.4,0.0,0.0,0.6,0.2,0.0,0.1,0.2,0.4,0.4,0.0,0.0
37,Escherichia coli,1,1,1,1,0,0,1,1,0,1,1,1,1,0,0,Ceftriaxone,0.5,0.7,0.5,0.4,0.7,0.0,0.6,0.2,0.1,0.1,0.5,0.4,0.4,0.7,0.8,4.3,0.29,0.5,0.7,0.5,0.4,0.0,0.0,0.6,0.2,0.0,0.1,0.5,0.4,0.4,0.0,0.0
38,Escherichia coli,1,1,1,1,0,0,1,1,0,1,1,1,1,0,0,Amikacin,0.5,0.1,0.3,0.2,0.0,0.8,0.7,0.7,0.1,0.1,0.7,0.3,0.3,0.0,0.3,3.9,0.26,0.5,0.1,0.3,0.2,0.0,0.0,0.7,0.7,0.0,0.1,0.7,0.3,0.3,0.0,0.0
39,Escherichia coli,1,1,1,1,0,0,1,1,0,1,1,1,1,0,0,Gentamicin,0.6,0.1,0.3,0.2,0.0,0.9,0.7,0.7,0.1,0.1,0.8,0.3,0.3,0.0,0.3,4.1,0.27,0.6,0.1,0.3,0.2,0.0,0.0,0.7,0.7,0.0,0.1,0.8,0.3,0.3,0.0,0.0
40,Escherichia coli,1,1,1,1,0,0,1,1,0,1,1,1,1,0,0,Erythromycin,0.8,0.1,0.2,0.2,0.0,0.9,0.7,0.8,0.1,0.2,0.6,0.9,0.8,0.0,0.9,5.3,0.35,0.8,0.1,0.2,0.2,0.0,0.0,0.7,0.8,0.0,0.2,0.6,0.9,0.8,0.0,0.0
41,Escherichia coli,1,1,1,1,0,0,1,1,0,1,1,1,1,0,0,Amoxicillin-clavulanate,0.5,0.2,0.4,0.3,0.7,0.0,0.6,0.2,0.1,0.1,0.2,0.5,0.5,0.2,0.8,3.5,0.23,0.5,0.2,0.4,0.3,0.0,0.0,0.6,0.2,0.0,0.1,0.2,0.5,0.5,0.0,0.0
42,Escherichia coli,1,1,1,1,0,0,1,1,0,1,1,1,1,0,0,Ampicillin-sulbactam,0.5,0.2,0.4,0.3,0.7,0.0,0.6,0.2,0.1,0.1,0.2,0.5,0.5,0.2,0.8,3.5,0.23,0.5,0.2,0.4,0.3,0.0,0.0,0.6,0.2,0.0,0.1,0.2,0.5,0.5,0.0,0.0
43,Escherichia coli,1,1,1,1,0,0,1,1,0,1,1,1,1,0,0,Oxacillin,0.4,0.8,0.3,0.2,0.9,0.0,0.6,0.2,0.1,0.1,0.6,0.6,0.6,0.8,0.9,4.4,0.29,0.4,0.8,0.3,0.2,0.0,0.0,0.6,0.2,0.0,0.1,0.6,0.6,0.6,0.0,0.0
44,Pseudomonas aeruginosa,1,1,1,1,0,0,1,1,0,1,1,1,1,1,1,Ampicillin,0.4,0.9,0.5,0.5,0.9,0.0,0.9,1.0,1.0,0.5,0.9,0.5,0.5,0.9,0.9,8.4,0.56,0.4,0.9,0.5,0.5,0.0,0.0,0.9,1.0,0.0,0.5,0.9,0.5,0.5,0.9,0.9
45,Pseudomonas aeruginosa,1,1,1,1,0,0,1,1,0,1,1,1,1,1,1,Azithromycin,0.8,0.4,0.1,0.1,0.0,0.9,0.6,1.0,0.7,0.4,0.5,0.9,0.8,0.1,0.9,6.6,0.44,0.8,0.4,0.1,0.1,0.0,0.0,0.6,1.0,0.0,0.4,0.5,0.9,0.8,0.1,0.9
46,Pseudomonas aeruginosa,1,1,1,1,0,0,1,1,0,1,1,1,1,1,1,Imipenem,0.3,0.7,0.8,0.6,0.6,0.0,0.7,0.2,0.1,0.1,0.5,0.4,0.4,0.3,0.2,5.2,0.35,0.3,0.7,0.8,0.6,0.0,0.0,0.7,0.2,0.0,0.1,0.5,0.4,0.4,0.3,0.2
47,Pseudomonas aeruginosa,1,1,1,1,0,0,1,1,0,1,1,1,1,1,1,Meropenem,0.4,0.8,0.8,0.6,0.5,0.0,0.7,0.2,0.1,0.1,0.5,0.4,0.4,0.3,0.2,5.4,0.36,0.4,0.8,0.8,0.6,0.0,0.0,0.7,0.2,0.0,0.1,0.5,0.4,0.4,0.3,0.2
48,Pseudomonas aeruginosa,1,1,1,1,0,0,1,1,0,1,1,1,1,1,1,Meropenem-vaborbactam,0.3,0.2,0.7,0.5,0.5,0.0,0.6,0.2,0.1,0.1,0.2,0.4,0.4,0.1,0.2,3.9,0.26,0.3,0.2,0.7,0.5,0.0,0.0,0.6,0.2,0.0,0.1,0.2,0.4,0.4,0.1,0.2
49,Pseudomonas aeruginosa,1,1,1,1,0,0,1,1,0,1,1,1,1,1,1,Cefepime,0.4,0.6,0.5,0.4,0.7,0.0,0.6,0.2,0.1,0.1,0.5,0.3,0.3,0.4,0.3,4.6,0.31,0.4,0.6,0.5,0.4,0.0,0.0,0.6,0.2,0.0,0.1,0.5,0.3,0.3,0.4,0.3
50,Pseudomonas aeruginosa,1,1,1,1,0,0,1,1,0,1,1,1,1,1,1,Cefiderocol,0.2,0.3,0.1,0.1,0.4,0.0,0.5,0.2,0.1,0.1,0.5,0.2,0.1,0.1,0.1,2.5,0.17,0.2,0.3,0.1,0.1,0.0,0.0,0.5,0.2,0.0,0.1,0.5,0.2,0.1,0.1,0.1
51,Pseudomonas aeruginosa,1,1,1,1,0,0,1,1,0,1,1,1,1,1,1,Cefixime,0.5,0.7,0.5,0.4,0.7,0.0,0.6,0.2,0.1,0.1,0.5,0.4,0.4,0.7,0.8,5.8,0.39,0.5,0.7,0.5,0.4,0.0,0.0,0.6,0.2,0.0,0.1,0.5,0.4,0.4,0.7,0.8
52,Pseudomonas aeruginosa,1,1,1,1,0,0,1,1,0,1,1,1,1,1,1,Cefoperazone-sulbactam,0.4,0.3,0.5,0.4,0.6,0.0,0.6,0.2,0.1,0.1,0.3,0.4,0.4,0.2,0.3,4.1,0.27,0.4,0.3,0.5,0.4,0.0,0.0,0.6,0.2,0.0,0.1,0.3,0.4,0.4,0.2,0.3
53,Pseudomonas aeruginosa,1,1,1,1,0,0,1,1,0,1,1,1,1,1,1,Cefoxitin,0.4,0.5,0.5,0.4,0.7,0.0,0.6,0.2,0.1,0.1,0.4,0.4,0.4,0.6,0.8,5.3,0.35,0.4,0.5,0.5,0.4,0.0,0.0,0.6,0.2,0.0,0.1,0.4,0.4,0.4,0.6,0.8
54,Pseudomonas aeruginosa,1,1,1,1,0,0,1,1,0,1,1,1,1,1,1,Cefpodoxime,0.5,0.7,0.5,0.4,0.7,0.0,0.6,0.2,0.1,0.1,0.5,0.4,0.4,0.7,0.8,5.8,0.39,0.5,0.7,0.5,0.4,0.0,0.0,0.6,0.2,0.0,0.1,0.5,0.4,0.4,0.7,0.8
55,Pseudomonas aeruginosa,1,1,1,1,0,0,1,1,0,1,1,1,1,1,1,Ceftaroline,0.3,0.5,0.4,0.3,0.5,0.0,0.6,0.2,0.1,0.1,0.4,0.4,0.4,0.5,0.8,4.9,0.33,0.3,0.5,0.4,0.3,0.0,0.0,0.6,0.2,0.0,0.1,0.4,0.4,0.4,0.5,0.8
56,Pseudomonas aeruginosa,1,1,1,1,0,0,1,1,0,1,1,1,1,1,1,Ceftazidime-avibactam,0.3,0.2,0.5,0.4,0.5,0.0,0.6,0.2,0.1,0.1,0.2,0.4,0.4,0.2,0.2,3.7,0.25,0.3,0.2,0.5,0.4,0.0,0.0,0.6,0.2,0.0,0.1,0.2,0.4,0.4,0.2,0.2
57,Pseudomonas aeruginosa,1,1,1,1,0,0,1,1,0,1,1,1,1,1,1,Ceftibuten,0.5,0.7,0.5,0.4,0.7,0.0,0.6,0.2,0.1,0.1,0.5,0.4,0.4,0.7,0.8,5.8,0.39,0.5,0.7,0.5,0.4,0.0,0.0,0.6,0.2,0.0,0.1,0.5,0.4,0.4,0.7,0.8
58,Pseudomonas aeruginosa,1,1,1,1,0,0,1,1,0,1,1,1,1,1,1,Ceftolozane-tazobactam,0.3,0.2,0.5,0.4,0.5,0.0,0.6,0.2,0.1,0.1,0.2,0.4,0.4,0.2,0.2,3.7,0.25,0.3,0.2,0.5,0.4,0.0,0.0,0.6,0.2,0.0,0.1,0.2,0.4,0.4,0.2,0.2
59,Pseudomonas aeruginosa,1,1,1,1,0,0,1,1,0,1,1,1,1,1,1,Ceftriaxone,0.5,0.7,0.5,0.4,0.7,0.0,0.6,0.2,0.1,0.1,0.5,0.4,0.4,0.7,0.8,5.8,0.39,0.5,0.7,0.5,0.4,0.0,0.0,0.6,0.2,0.0,0.1,0.5,0.4,0.4,0.7,0.8
60,Pseudomonas aeruginosa,1,1,1,1,0,0,1,1,0,1,1,1,1,1,1,Amikacin,0.5,0.1,0.3,0.2,0.0,0.8,0.7,0.7,0.1,0.1,0.7,0.3,0.3,0.0,0.3,4.2,0.28,0.5,0.1,0.3,0.2,0.0,0.0,0.7,0.7,0.0,0.1,0.7,0.3,0.3,0.0,0.3
61,Pseudomonas aeruginosa,1,1,1,1,0,0,1,1,0,1,1,1,1,1,1,Gentamicin,0.6,0.1,0.3,0.2,0.0,0.9,0.7,0.7,0.1,0.1,0.8,0.3,0.3,0.0,0.3,4.4,0.29,0.6,0.1,0.3,0.2,0.0,0.0,0.7,0.7,0.0,0.1,0.8,0.3,0.3,0.0,0.3
62,Pseudomonas aeruginosa,1,1,1,1,0,0,1,1,0,1,1,1,1,1,1,Erythromycin,0.8,0.1,0.2,0.2,0.0,0.9,0.7,0.8,0.1,0.2,0.6,0.9,0.8,0.0,0.9,6.2,0.41,0.8,0.1,0.2,0.2,0.0,0.0,0.7,0.8,0.0,0.2,0.6,0.9,0.8,0.0,0.9
63,Pseudomonas aeruginosa,1,1,1,1,0,0,1,1,0,1,1,1,1,1,1,Amoxicillin-clavulanate,0.5,0.2,0.4,0.3,0.7,0.0,0.6,0.2,0.1,0.1,0.2,0.5,0.5,0.2,0.8,4.5,0.3,0.5,0.2,0.4,0.3,0.0,0.0,0.6,0.2,0.0,0.1,0.2,0.5,0.5,0.2,0.8
64,Pseudomonas aeruginosa,1,1,1,1,0,0,1,1,0,1,1,1,1,1,1,Ampicillin-sulbactam,0.5,0.2,0.4,0.3,0.7,0.0,0.6,0.2,0.1,0.1,0.2,0.5,0.5,0.2,0.8,4.5,0.3,0.5,0.2,0.4,0.3,0.0,0.0,0.6,0.2,0.0,0.1,0.2,0.5,0.5,0.2,0.8
65,Pseudomonas aeruginosa,1,1,1,1,0,0,1,1,0,1,1,1,1,1,1,Oxacillin,0.4,0.8,0.3,0.2,0.9,0.0,0.6,0.2,0.1,0.1,0.6,0.6,0.6,0.8,0.9,6.1,0.41,0.4,0.8,0.3,0.2,0.0,0.0,0.6,0.2,0.0,0.1,0.6,0.6,0.6,0.8,0.9
66,Klebsiella pneumoniae,1,1,1,1,0,0,1,1,0,1,1,1,1,1,0,Ampicillin,0.4,0.9,0.5,0.5,0.9,0.0,0.9,1.0,1.0,0.5,0.9,0.5,0.5,0.9,0.9,7.5,0.5,0.4,0.9,0.5,0.5,0.0,0.0,0.9,1.0,0.0,0.5,0.9,0.5,0.5,0.9,0.0
67,Klebsiella pneumoniae,1,1,1,1,0,0,1,1,0,1,1,1,1,1,0,Azithromycin,0.8,0.4,0.1,0.1,0.0,0.9,0.6,1.0,0.7,0.4,0.5,0.9,0.8,0.1,0.9,5.7,0.38,0.8,0.4,0.1,0.1,0.0,0.0,0.6,1.0,0.0,0.4,0.5,0.9,0.8,0.1,0.0
68,Klebsiella pneumoniae,1,1,1,1,0,0,1,1,0,1,1,1,1,1,0,Imipenem,0.3,0.7,0.8,0.6,0.6,0.0,0.7,0.2,0.1,0.1,0.5,0.4,0.4,0.3,0.2,5.0,0.33,0.3,0.7,0.8,0.6,0.0,0.0,0.7,0.2,0.0,0.1,0.5,0.4,0.4,0.3,0.0
69,Klebsiella pneumoniae,1,1,1,1,0,0,1,1,0,1,1,1,1,1,0,Meropenem,0.4,0.8,0.8,0.6,0.5,0.0,0.7,0.2,0.1,0.1,0.5,0.4,0.4,0.3,0.2,5.2,0.35,0.4,0.8,0.8,0.6,0.0,0.0,0.7,0.2,0.0,0.1,0.5,0.4,0.4,0.3,0.0
70,Klebsiella pneumoniae,1,1,1,1,0,0,1,1,0,1,1,1,1,1,0,Meropenem-vaborbactam,0.3,0.2,0.7,0.5,0.5,0.0,0.6,0.2,0.1,0.1,0.2,0.4,0.4,0.1,0.2,3.7,0.25,0.3,0.2,0.7,0.5,0.0,0.0,0.6,0.2,0.0,0.1,0.2,0.4,0.4,0.1,0.0
71,Klebsiella pneumoniae,1,1,1,1,0,0,1,1,0,1,1,1,1,1,0,Cefepime,0.4,0.6,0.5,0.4,0.7,0.0,0.6,0.2,0.1,0.1,0.5,0.3,0.3,0.4,0.3,4.3,0.29,0.4,0.6,0.5,0.4,0.0,0.0,0.6,0.2,0.0,0.1,0.5,0.3,0.3,0.4,0.0
72,Klebsiella pneumoniae,1,1,1,1,0,0,1,1,0,1,1,1,1,1,0,Cefiderocol,0.2,0.3,0.1,0.1,0.4,0.0,0.5,0.2,0.1,0.1,0.5,0.2,0.1,0.1,0.1,2.4,0.16,0.2,0.3,0.1,0.1,0.0,0.0,0.5,0.2,0.0,0.1,0.5,0.2,0.1,0.1,0.0
73,Klebsiella pneumoniae,1,1,1,1,0,0,1,1,0,1,1,1,1,1,0,Cefixime,0.5,0.7,0.5,0.4,0.7,0.0,0.6,0.2,0.1,0.1,0.5,0.4,0.4,0.7,0.8,5.0,0.33,0.5,0.7,0.5,0.4,0.0,0.0,0.6,0.2,0.0,0.1,0.5,0.4,0.4,0.7,0.0
74,Klebsiella pneumoniae,1,1,1,1,0,0,1,1,0,1,1,1,1,1,0,Cefoperazone-sulbactam,0.4,0.3,0.5,0.4,0.6,0.0,0.6,0.2,0.1,0.1,0.3,0.4,0.4,0.2,0.3,3.8,0.25,0.4,0.3,0.5,0.4,0.0,0.0,0.6,0.2,0.0,0.1,0.3,0.4,0.4,0.2,0.0
75,Klebsiella pneumoniae,1,1,1,1,0,0,1,1,0,1,1,1,1,1,0,Cefoxitin,0.4,0.5,0.5,0.4,0.7,0.0,0.6,0.2,0.1,0.1,0.4,0.4,0.4,0.6,0.8,4.5,0.3,0.4,0.5,0.5,0.4,0.0,0.0,0.6,0.2,0.0,0.1,0.4,0.4,0.4,0.6,0.0
76,Klebsiella pneumoniae,1,1,1,1,0,0,1,1,0,1,1,1,1,1,0,Cefpodoxime,0.5,0.7,0.5,0.4,0.7,0.0,0.6,0.2,0.1,0.1,0.5,0.4,0.4,0.7,0.8,5.0,0.33,0.5,0.7,0.5,0.4,0.0,0.0,0.6,0.2,0.0,0.1,0.5,0.4,0.4,0.7,0.0
77,Klebsiella pneumoniae,1,1,1,1,0,0,1,1,0,1,1,1,1,1,0,Ceftaroline,0.3,0.5,0.4,0.3,0.5,0.0,0.6,0.2,0.1,0.1,0.4,0.4,0.4,0.5,0.8,4.1,0.27,0.3,0.5,0.4,0.3,0.0,0.0,0.6,0.2,0.0,0.1,0.4,0.4,0.4,0.5,0.0
78,Klebsiella pneumoniae,1,1,1,1,0,0,1,1,0,1,1,1,1,1,0,Ceftazidime-avibactam,0.3,0.2,0.5,0.4,0.5,0.0,0.6,0.2,0.1,0.1,0.2,0.4,0.4,0.2,0.2,3.5,0.23,0.3,0.2,0.5,0.4,0.0,0.0,0.6,0.2,0.0,0.1,0.2,0.4,0.4,0.2,0.0
79,Klebsiella pneumoniae,1,1,1,1,0,0,1,1,0,1,1,1,1,1,0,Ceftibuten,0.5,0.7,0.5,0.4,0.7,0.0,0.6,0.2,0.1,0.1,0.5,0.4,0.4,0.7,0.8,5.0,0.33,0.5,0.7,0.5,0.4,0.0,0.0,0.6,0.2,0.0,0.1,0.5,0.4,0.4,0.7,0.0
80,Klebsiella pneumoniae,1,1,1,1,0,0,1,1,0,1,1,1,1,1,0,Ceftolozane-tazobactam,0.3,0.2,0.5,0.4,0.5,0.0,0.6,0.2,0.1,0.1,0.2,0.4,0.4,0.2,0.2,3.5,0.23,0.3,0.2,0.5,0.4,0.0,0.0,0.6,0.2,0.0,0.1,0.2,0.4,0.4,0.2,0.0
81,Klebsiella pneumoniae,1,1,1,1,0,0,1,1,0,1,1,1,1,1,0,Ceftriaxone,0.5,0.7,0.5,0.4,0.7,0.0,0.6,0.2,0.1,0.1,0.5,0.4,0.4,0.7,0.8,5.0,0.33,0.5,0.7,0.5,0.4,0.0,0.0,0.6,0.2,0.0,0.1,0.5,0.4,0.4,0.7,0.0
82,Klebsiella pneumoniae,1,1,1,1,0,0,1,1,0,1,1,1,1,1,0,Amikacin,0.5,0.1,0.3,0.2,0.0,0.8,0.7,0.7,0.1,0.1,0.7,0.3,0.3,0.0,0.3,3.9,0.26,0.5,0.1,0.3,0.2,0.0,0.0,0.7,0.7,0.0,0.1,0.7,0.3,0.3,0.0,0.0
83,Klebsiella pneumoniae,1,1,1,1,0,0,1,1,0,1,1,1,1,1,0,Gentamicin,0.6,0.1,0.3,0.2,0.0,0.9,0.7,0.7,0.1,0.1,0.8,0.3,0.3,0.0,0.3,4.1,0.27,0.6,0.1,0.3,0.2,0.0,0.0,0.7,0.7,0.0,0.1,0.8,0.3,0.3,0.0,0.0
84,Klebsiella pneumoniae,1,1,1,1,0,0,1,1,0,1,1,1,1,1,0,Erythromycin,0.8,0.1,0.2,0.2,0.0,0.9,0.7,0.8,0.1,0.2,0.6,0.9,0.8,0.0,0.9,5.3,0.35,0.8,0.1,0.2,0.2,0.0,0.0,0.7,0.8,0.0,0.2,0.6,0.9,0.8,0.0,0.0
85,Klebsiella pneumoniae,1,1,1,1,0,0,1,1,0,1,1,1,1,1,0,Amoxicillin-clavulanate,0.5,0.2,0.4,0.3,0.7,0.0,0.6,0.2,0.1,0.1,0.2,0.5,0.5,0.2,0.8,3.7,0.25,0.5,0.2,0.4,0.3,0.0,0.0,0.6,0.2,0.0,0.1,0.2,0.5,0.5,0.2,0.0
86,Klebsiella pneumoniae,1,1,1,1,0,0,1,1,0,1,1,1,1,1,0,Ampicillin-sulbactam,0.5,0.2,0.4,0.3,0.7,0.0,0.6,0.2,0.1,0.1,0.2,0.5,0.5,0.2,0.8,3.7,0.25,0.5,0.2,0.4,0.3,0.0,0.0,0.6,0.2,0.0,0.1,0.2,0.5,0.5,0.2,0.0
87,Klebsiella pneumoniae,1,1,1,1,0,0,1,1,0,1,1,1,1,1,0,Oxacillin,0.4,0.8,0.3,0.2,0.9,0.0,0.6,0.2,0.1,0.1,0.6,0.6,0.6,0.8,0.9,5.2,0.35,0.4,0.8,0.3,0.2,0.0,0.0,0.6,0.2,0.0,0.1,0.6,0.6,0.6,0.8,0.0
88,Streptococcus pneumoniae,0,0,0,0,1,1,1,1,0,0,0,0,0,0,0,Ampicillin,0.4,0.9,0.5,0.5,0.9,0.0,0.9,1.0,1.0,0.5,0.9,0.5,0.5,0.9,0.9,2.8,0.19,0.0,0.0,0.0,0.0,0.9,0.0,0.9,1.0,0.0,0.0,0.0,0.0,0.0,0.0,0.0
89,Streptococcus pneumoniae,0,0,0,0,1,1,1,1,0,0,0,0,0,0,0,Azithromycin,0.8,0.4,0.1,0.1,0.0,0.9,0.6,1.0,0.7,0.4,0.5,0.9,0.8,0.1,0.9,2.5,0.17,0.0,0.0,0.0,0.0,0.0,0.9,0.6,1.0,0.0,0.0,0.0,0.0,0.0,0.0,0.0
90,Streptococcus pneumoniae,0,0,0,0,1,1,1,1,0,0,0,0,0,0,0,Imipenem,0.3,0.7,0.8,0.6,0.6,0.0,0.7,0.2,0.1,0.1,0.5,0.4,0.4,0.3,0.2,1.5,0.1,0.0,0.0,0.0,0.0,0.6,0.0,0.7,0.2,0.0,0.0,0.0,0.0,0.0,0.0,0.0
91,Streptococcus pneumoniae,0,0,0,0,1,1,1,1,0,0,0,0,0,0,0,Meropenem,0.4,0.8,0.8,0.6,0.5,0.0,0.7,0.2,0.1,0.1,0.5,0.4,0.4,0.3,0.2,1.4,0.09,0.0,0.0,0.0,0.0,0.5,0.0,0.7,0.2,0.0,0.0,0.0,0.0,0.0,0.0,0.0
92,Streptococcus pneumoniae,0,0,0,0,1,1,1,1,0,0,0,0,0,0,0,Meropenem-vaborbactam,0.3,0.2,0.7,0.5,0.5,0.0,0.6,0.2,0.1,0.1,0.2,0.4,0.4,0.1,0.2,1.3,0.09,0.0,0.0,0.0,0.0,0.5,0.0,0.6,0.2,0.0,0.0,0.0,0.0,0.0,0.0,0.0
93,Streptococcus pneumoniae,0,0,0,0,1,1,1,1,0,0,0,0,0,0,0,Cefepime,0.4,0.6,0.5,0.4,0.7,0.0,0.6,0.2,0.1,0.1,0.5,0.3,0.3,0.4,0.3,1.5,0.1,0.0,0.0,0.0,0.0,0.7,0.0,0.6,0.2,0.0,0.0,0.0,0.0,0.0,0.0,0.0
94,Streptococcus pneumoniae,0,0,0,0,1,1,1,1,0,0,0,0,0,0,0,Cefiderocol,0.2,0.3,0.1,0.1,0.4,0.0,0.5,0.2,0.1,0.1,0.5,0.2,0.1,0.1,0.1,1.1,0.07,0.0,0.0,0.0,0.0,0.4,0.0,0.5,0.2,0.0,0.0,0.0,0.0,0.0,0.0,0.0
95,Streptococcus pneumoniae,0,0,0,0,1,1,1,1,0,0,0,0,0,0,0,Cefixime,0.5,0.7,0.5,0.4,0.7,0.0,0.6,0.2,0.1,0.1,0.5,0.4,0.4,0.7,0.8,1.5,0.1,0.0,0.0,0.0,0.0,0.7,0.0,0.6,0.2,0.0,0.0,0.0,0.0,0.0,0.0,0.0
96,Streptococcus pneumoniae,0,0,0,0,1,1,1,1,0,0,0,0,0,0,0,Cefoperazone-sulbactam,0.4,0.3,0.5,0.4,0.6,0.0,0.6,0.2,0.1,0.1,0.3,0.4,0.4,0.2,0.3,1.4,0.09,0.0,0.0,0.0,0.0,0.6,0.0,0.6,0.2,0.0,0.0,0.0,0.0,0.0,0.0,0.0
97,Streptococcus pneumoniae,0,0,0,0,1,1,1,1,0,0,0,0,0,0,0,Cefoxitin,0.4,0.5,0.5,0.4,0.7,0.0,0.6,0.2,0.1,0.1,0.4,0.4,0.4,0.6,0.8,1.5,0.1,0.0,0.0,0.0,0.0,0.7,0.0,0.6,0.2,0.0,0.0,0.0,0.0,0.0,0.0,0.0
98,Streptococcus pneumoniae,0,0,0,0,1,1,1,1,0,0,0,0,0,0,0,Cefpodoxime,0.5,0.7,0.5,0.4,0.7,0.0,0.6,0.2,0.1,0.1,0.5,0.4,0.4,0.7,0.8,1.5,0.1,0.0,0.0,0.0,0.0,0.7,0.0,0.6,0.2,0.0,0.0,0.0,0.0,0.0,0.0,0.0
99,Streptococcus pneumoniae,0,0,0,0,1,1,1,1,0,0,0,0,0,0,0,Ceftaroline,0.3,0.5,0.4,0.3,0.5,0.0,0.6,0.2,0.1,0.1,0.4,0.4,0.4,0.5,0.8,1.3,0.09,0.0,0.0,0.0,0.0,0.5,0.0,0.6,0.2,0.0,0.0,0.0,0.0,0.0,0.0,0.0
100,Streptococcus pneumoniae,0,0,0,0,1,1,1,1,0,0,0,0,0,0,0,Ceftazidime-avibactam,0.3,0.2,0.5,0.4,0.5,0.0,0.6,0.2,0.1,0.1,0.2,0.4,0.4,0.2,0.2,1.3,0.09,0.0,0.0,0.0,0.0,0.5,0.0,0.6,0.2,0.0,0.0,0.0,0.0,0.0,0.0,0.0
101,Streptococcus pneumoniae,0,0,0,0,1,1,1,1,0,0,0,0,0,0,0,Ceftibuten,0.5,0.7,0.5,0.4,0.7,0.0,0.6,0.2,0.1,0.1,0.5,0.4,0.4,0.7,0.8,1.5,0.1,0.0,0.0,0.0,0.0,0.7,0.0,0.6,0.2,0.0,0.0,0.0,0.0,0.0,0.0,0.0
102,Streptococcus pneumoniae,0,0,0,0,1,1,1,1,0,0,0,0,0,0,0,Ceftolozane-tazobactam,0.3,0.2,0.5,0.4,0.5,0.0,0.6,0.2,0.1,0.1,0.2,0.4,0.4,0.2,0.2,1.3,0.09,0.0,0.0,0.0,0.0,0.5,0.0,0.6,0.2,0.0,0.0,0.0,0.0,0.0,0.0,0.0
103,Streptococcus pneumoniae,0,0,0,0,1,1,1,1,0,0,0,0,0,0,0,Ceftriaxone,0.5,0.7,0.5,0.4,0.7,0.0,0.6,0.2,0.1,0.1,0.5,0.4,0.4,0.7,0.8,1.5,0.1,0.0,0.0,0.0,0.0,0.7,0.0,0.6,0.2,0.0,0.0,0.0,0.0,0.0,0.0,0.0
104,Streptococcus pneumoniae,0,0,0,0,1,1,1,1,0,0,0,0,0,0,0,Amikacin,0.5,0.1,0.3,0.2,0.0,0.8,0.7,0.7,0.1,0.1,0.7,0.3,0.3,0.0,0.3,2.2,0.15,0.0,0.0,0.0,0.0,0.0,0.8,0.7,0.7,0.0,0.0,0.0,0.0,0.0,0.0,0.0
105,Streptococcus pneumoniae,0,0,0,0,1,1,1,1,0,0,0,0,0,0,0,Gentamicin,0.6,0.1,0.3,0.2,0.0,0.9,0.7,0.7,0.1,0.1,0.8,0.3,0.3,0.0,0.3,2.3,0.15,0.0,0.0,0.0,0.0,0.0,0.9,0.7,0.7,0.0,0.0,0.0,0.0,0.0,0.0,0.0
106,Streptococcus pneumoniae,0,0,0,0,1,1,1,1,0,0,0,0,0,0,0,Erythromycin,0.8,0.1,0.2,0.2,0.0,0.9,0.7,0.8,0.1,0.2,0.6,0.9,0.8,0.0,0.9,2.4,0.16,0.0,0.0,0.0,0.0,0.0,0.9,0.7,0.8,0.0,0.0,0.0,0.0,0.0,0.0,0.0
107,Streptococcus pneumoniae,0,0,0,0,1,1,1,1,0,0,0,0,0,0,0,Amoxicillin-clavulanate,0.5,0.2,0.4,0.3,0.7,0.0,0.6,0.2,0.1,0.1,0.2,0.5,0.5,0.2,0.8,1.5,0.1,0.0,0.0,0.0,0.0,0.7,0.0,0.6,0.2,0.0,0.0,0.0,0.0,0.0,0.0,0.0
108,Streptococcus pneumoniae,0,0,0,0,1,1,1,1,0,0,0,0,0,0,0,Ampicillin-sulbactam,0.5,0.2,0.4,0.3,0.7,0.0,0.6,0.2,0.1,0.1,0.2,0.5,0.5,0.2,0.8,1.5,0.1,0.0,0.0,0.0,0.0,0.7,0.0,0.6,0.2,0.0,0.0,0.0,0.0,0.0,0.0,0.0
109,Streptococcus pneumoniae,0,0,0,0,1,1,1,1,0,0,0,0,0,0,0,Oxacillin,0.4,0.8,0.3,0.2,0.9,0.0,0.6,0.2,0.1,0.1,0.6,0.6,0.6,0.8,0.9,1.7,0.11,0.0,0.0,0.0,0.0,0.9,0.0,0.6,0.2,0.0,0.0,0.0,0.0,0.0,0.0,0.0
110,Salmonella enterica,1,1,1,1,0,0,1,1,0,1,1,1,1,0,0,Ampicillin,0.4,0.9,0.5,0.5,0.9,0.0,0.9,1.0,1.0,0.5,0.9,0.5,0.5,0.9,0.9,6.6,0.44,0.4,0.9,0.5,0.5,0.0,0.0,0.9,1.0,0.0,0.5,0.9,0.5,0.5,0.0,0.0
111,Salmonella enterica,1,1,1,1,0,0,1,1,0,1,1,1,1,0,0,Azithromycin,0.8,0.4,0.1,0.1,0.0,0.9,0.6,1.0,0.7,0.4,0.5,0.9,0.8,0.1,0.9,5.6,0.37,0.8,0.4,0.1,0.1,0.0,0.0,0.6,1.0,0.0,0.4,0.5,0.9,0.8,0.0,0.0
112,Salmonella enterica,1,1,1,1,0,0,1,1,0,1,1,1,1,0,0,Imipenem,0.3,0.7,0.8,0.6,0.6,0.0,0.7,0.2,0.1,0.1,0.5,0.4,0.4,0.3,0.2,4.7,0.31,0.3,0.7,0.8,0.6,0.0,0.0,0.7,0.2,0.0,0.1,0.5,0.4,0.4,0.0,0.0
113,Salmonella enterica,1,1,1,1,0,0,1,1,0,1,1,1,1,0,0,Meropenem,0.4,0.8,0.8,0.6,0.5,0.0,0.7,0.2,0.1,0.1,0.5,0.4,0.4,0.3,0.2,4.9,0.33,0.4,0.8,0.8,0.6,0.0,0.0,0.7,0.2,0.0,0.1,0.5,0.4,0.4,0.0,0.0
114,Salmonella enterica,1,1,1,1,0,0,1,1,0,1,1,1,1,0,0,Meropenem-vaborbactam,0.3,0.2,0.7,0.5,0.5,0.0,0.6,0.2,0.1,0.1,0.2,0.4,0.4,0.1,0.2,3.6,0.24,0.3,0.2,0.7,0.5,0.0,0.0,0.6,0.2,0.0,0.1,0.2,0.4,0.4,0.0,0.0
115,Salmonella enterica,1,1,1,1,0,0,1,1,0,1,1,1,1,0,0,Cefepime,0.4,0.6,0.5,0.4,0.7,0.0,0.6,0.2,0.1,0.1,0.5,0.3,0.3,0.4,0.3,3.9,0.26,0.4,0.6,0.5,0.4,0.0,0.0,0.6,0.2,0.0,0.1,0.5,0.3,0.3,0.0,0.0
116,Salmonella enterica,1,1,1,1,0,0,1,1,0,1,1,1,1,0,0,Cefiderocol,0.2,0.3,0.1,0.1,0.4,0.0,0.5,0.2,0.1,0.1,0.5,0.2,0.1,0.1,0.1,2.3,0.15,0.2,0.3,0.1,0.1,0.0,0.0,0.5,0.2,0.0,0.1,0.5,0.2,0.1,0.0,0.0
117,Salmonella enterica,1,1,1,1,0,0,1,1,0,1,1,1,1,0,0,Cefixime,0.5,0.7,0.5,0.4,0.7,0.0,0.6,0.2,0.1,0.1,0.5,0.4,0.4,0.7,0.8,4.3,0.29,0.5,0.7,0.5,0.4,0.0,0.0,0.6,0.2,0.0,0.1,0.5,0.4,0.4,0.0,0.0
118,Salmonella enterica,1,1,1,1,0,0,1,1,0,1,1,1,1,0,0,Cefoperazone-sulbactam,0.4,0.3,0.5,0.4,0.6,0.0,0.6,0.2,0.1,0.1,0.3,0.4,0.4,0.2,0.3,3.6,0.24,0.4,0.3,0.5,0.4,0.0,0.0,0.6,0.2,0.0,0.1,0.3,0.4,0.4,0.0,0.0
119,Salmonella enterica,1,1,1,1,0,0,1,1,0,1,1,1,1,0,0,Cefoxitin,0.4,0.5,0.5,0.4,0.7,0.0,0.6,0.2,0.1,0.1,0.4,0.4,0.4,0.6,0.8,3.9,0.26,0.4,0.5,0.5,0.4,0.0,0.0,0.6,0.2,0.0,0.1,0.4,0.4,0.4,0.0,0.0
120,Salmonella enterica,1,1,1,1,0,0,1,1,0,1,1,1,1,0,0,Cefpodoxime,0.5,0.7,0.5,0.4,0.7,0.0,0.6,0.2,0.1,0.1,0.5,0.4,0.4,0.7,0.8,4.3,0.29,0.5,0.7,0.5,0.4,0.0,0.0,0.6,0.2,0.0,0.1,0.5,0.4,0.4,0.0,0.0
121,Salmonella enterica,1,1,1,1,0,0,1,1,0,1,1,1,1,0,0,Ceftaroline,0.3,0.5,0.4,0.3,0.5,0.0,0.6,0.2,0.1,0.1,0.4,0.4,0.4,0.5,0.8,3.6,0.24,0.3,0.5,0.4,0.3,0.0,0.0,0.6,0.2,0.0,0.1,0.4,0.4,0.4,0.0,0.0
122,Salmonella enterica,1,1,1,1,0,0,1,1,0,1,1,1,1,0,0,Ceftazidime-avibactam,0.3,0.2,0.5,0.4,0.5,0.0,0.6,0.2,0.1,0.1,0.2,0.4,0.4,0.2,0.2,3.3,0.22,0.3,0.2,0.5,0.4,0.0,0.0,0.6,0.2,0.0,0.1,0.2,0.4,0.4,0.0,0.0
123,Salmonella enterica,1,1,1,1,0,0,1,1,0,1,1,1,1,0,0,Ceftibuten,0.5,0.7,0.5,0.4,0.7,0.0,0.6,0.2,0.1,0.1,0.5,0.4,0.4,0.7,0.8,4.3,0.29,0.5,0.7,0.5,0.4,0.0,0.0,0.6,0.2,0.0,0.1,0.5,0.4,0.4,0.0,0.0
124,Salmonella enterica,1,1,1,1,0,0,1,1,0,1,1,1,1,0,0,Ceftolozane-tazobactam,0.3,0.2,0.5,0.4,0.5,0.0,0.6,0.2,0.1,0.1,0.2,0.4,0.4,0.2,0.2,3.3,0.22,0.3,0.2,0.5,0.4,0.0,0.0,0.6,0.2,0.0,0.1,0.2,0.4,0.4,0.0,0.0
125,Salmonella enterica,1,1,1,1,0,0,1,1,0,1,1,1,1,0,0,Ceftriaxone,0.5,0.7,0.5,0.4,0.7,0.0,0.6,0.2,0.1,0.1,0.5,0.4,0.4,0.7,0.8,4.3,0.29,0.5,0.7,0.5,0.4,0.0,0.0,0.6,0.2,0.0,0.1,0.5,0.4,0.4,0.0,0.0
126,Salmonella enterica,1,1,1,1,0,0,1,1,0,1,1,1,1,0,0,Amikacin,0.5,0.1,0.3,0.2,0.0,0.8,0.7,0.7,0.1,0.1,0.7,0.3,0.3,0.0,0.3,3.9,0.26,0.5,0.1,0.3,0.2,0.0,0.0,0.7,0.7,0.0,0.1,0.7,0.3,0.3,0.0,0.0
127,Salmonella enterica,1,1,1,1,0,0,1,1,0,1,1,1,1,0,0,Gentamicin,0.6,0.1,0.3,0.2,0.0,0.9,0.7,0.7,0.1,0.1,0.8,0.3,0.3,0.0,0.3,4.1,0.27,0.6,0.1,0.3,0.2,0.0,0.0,0.7,0.7,0.0,0.1,0.8,0.3,0.3,0.0,0.0
128,Salmonella enterica,1,1,1,1,0,0,1,1,0,1,1,1,1,0,0,Erythromycin,0.8,0.1,0.2,0.2,0.0,0.9,0.7,0.8,0.1,0.2,0.6,0.9,0.8,0.0,0.9,5.3,0.35,0.8,0.1,0.2,0.2,0.0,0.0,0.7,0.8,0.0,0.2,0.6,0.9,0.8,0.0,0.0
129,Salmonella enterica,1,1,1,1,0,0,1,1,0,1,1,1,1,0,0,Amoxicillin-clavulanate,0.5,0.2,0.4,0.3,0.7,0.0,0.6,0.2,0.1,0.1,0.2,0.5,0.5,0.2,0.8,3.5,0.23,0.5,0.2,0.4,0.3,0.0,0.0,0.6,0.2,0.0,0.1,0.2,0.5,0.5,0.0,0.0
130,Salmonella enterica,1,1,1,1,0,0,1,1,0,1,1,1,1,0,0,Ampicillin-sulbactam,0.5,0.2,0.4,0.3,0.7,0.0,0.6,0.2,0.1,0.1,0.2,0.5,0.5,0.2,0.8,3.5,0.23,0.5,0.2,0.4,0.3,0.0,0.0,0.6,0.2,0.0,0.1,0.2,0.5,0.5,0.0,0.0
131,Salmonella enterica,1,1,1,1,0,0,1,1,0,1,1,1,1,0,0,Oxacillin,0.4,0.8,0.3,0.2,0.9,0.0,0.6,0.2,0.1,0.1,0.6,0.6,0.6,0.8,0.9,4.4,0.29,0.4,0.8,0.3,0.2,0.0,0.0,0.6,0.2,0.0,0.1,0.6,0.6,0.6,0.0,0.0
132,Acinetobacter baumannii,1,1,1,1,0,0,1,1,0,1,1,1,1,1,1,Ampicillin,0.4,0.9,0.5,0.5,0.9,0.0,0.9,1.0,1.0,0.5,0.9,0.5,0.5,0.9,0.9,8.4,0.56,0.4,0.9,0.5,0.5,0.0,0.0,0.9,1.0,0.0,0.5,0.9,0.5,0.5,0.9,0.9
133,Acinetobacter baumannii,1,1,1,1,0,0,1,1,0,1,1,1,1,1,1,Azithromycin,0.8,0.4,0.1,0.1,0.0,0.9,0.6,1.0,0.7,0.4,0.5,0.9,0.8,0.1,0.9,6.6,0.44,0.8,0.4,0.1,0.1,0.0,0.0,0.6,1.0,0.0,0.4,0.5,0.9,0.8,0.1,0.9
134,Acinetobacter baumannii,1,1,1,1,0,0,1,1,0,1,1,1,1,1,1,Imipenem,0.3,0.7,0.8,0.6,0.6,0.0,0.7,0.2,0.1,0.1,0.5,0.4,0.4,0.3,0.2,5.2,0.35,0.3,0.7,0.8,0.6,0.0,0.0,0.7,0.2,0.0,0.1,0.5,0.4,0.4,0.3,0.2
135,Acinetobacter baumannii,1,1,1,1,0,0,1,1,0,1,1,1,1,1,1,Meropenem,0.4,0.8,0.8,0.6,0.5,0.0,0.7,0.2,0.1,0.1,0.5,0.4,0.4,0.3,0.2,5.4,0.36,0.4,0.8,0.8,0.6,0.0,0.0,0.7,0.2,0.0,0.1,0.5,0.4,0.4,0.3,0.2
136,Acinetobacter baumannii,1,1,1,1,0,0,1,1,0,1,1,1,1,1,1,Meropenem-vaborbactam,0.3,0.2,0.7,0.5,0.5,0.0,0.6,0.2,0.1,0.1,0.2,0.4,0.4,0.1,0.2,3.9,0.26,0.3,0.2,0.7,0.5,0.0,0.0,0.6,0.2,0.0,0.1,0.2,0.4,0.4,0.1,0.2
137,Acinetobacter baumannii,1,1,1,1,0,0,1,1,0,1,1,1,1,1,1,Cefepime,0.4,0.6,0.5,0.4,0.7,0.0,0.6,0.2,0.1,0.1,0.5,0.3,0.3,0.4,0.3,4.6,0.31,0.4,0.6,0.5,0.4,0.0,0.0,0.6,0.2,0.0,0.1,0.5,0.3,0.3,0.4,0.3
138,Acinetobacter baumannii,1,1,1,1,0,0,1,1,0,1,1,1,1,1,1,Cefiderocol,0.2,0.3,0.1,0.1,0.4,0.0,0.5,0.2,0.1,0.1,0.5,0.2,0.1,0.1,0.1,2.5,0.17,0.2,0.3,0.1,0.1,0.0,0.0,0.5,0.2,0.0,0.1,0.5,0.2,0.1,0.1,0.1
139,Acinetobacter baumannii,1,1,1,1,0,0,1,1,0,1,1,1,1,1,1,Cefixime,0.5,0.7,0.5,0.4,0.7,0.0,0.6,0.2,0.1,0.1,0.5,0.4,0.4,0.7,0.8,5.8,0.39,0.5,0.7,0.5,0.4,0.0,0.0,0.6,0.2,0.0,0.1,0.5,0.4,0.4,0.7,0.8
140,Acinetobacter baumannii,1,1,1,1,0,0,1,1,0,1,1,1,1,1,1,Cefoperazone-sulbactam,0.4,0.3,0.5,0.4,0.6,0.0,0.6,0.2,0.1,0.1,0.3,0.4,0.4,0.2,0.3,4.1,0.27,0.4,0.3,0.5,0.4,0.0,0.0,0.6,0.2,0.0,0.1,0.3,0.4,0.4,0.2,0.3
141,Acinetobacter baumannii,1,1,1,1,0,0,1,1,0,1,1,1,1,1,1,Cefoxitin,0.4,0.5,0.5,0.4,0.7,0.0,0.6,0.2,0.1,0.1,0.4,0.4,0.4,0.6,0.8,5.3,0.35,0.4,0.5,0.5,0.4,0.0,0.0,0.6,0.2,0.0,0.1,0.4,0.4,0.4,0.6,0.8
142,Acinetobacter baumannii,1,1,1,1,0,0,1,1,0,1,1,1,1,1,1,Cefpodoxime,0.5,0.7,0.5,0.4,0.7,0.0,0.6,0.2,0.1,0.1,0.5,0.4,0.4,0.7,0.8,5.8,0.39,0.5,0.7,0.5,0.4,0.0,0.0,0.6,0.2,0.0,0.1,0.5,0.4,0.4,0.7,0.8
143,Acinetobacter baumannii,1,1,1,1,0,0,1,1,0,1,1,1,1,1,1,Ceftaroline,0.3,0.5,0.4,0.3,0.5,0.0,0.6,0.2,0.1,0.1,0.4,0.4,0.4,0.5,0.8,4.9,0.33,0.3,0.5,0.4,0.3,0.0,0.0,0.6,0.2,0.0,0.1,0.4,0.4,0.4,0.5,0.8
144,Acinetobacter baumannii,1,1,1,1,0,0,1,1,0,1,1,1,1,1,1,Ceftazidime-avibactam,0.3,0.2,0.5,0.4,0.5,0.0,0.6,0.2,0.1,0.1,0.2,0.4,0.4,0.2,0.2,3.7,0.25,0.3,0.2,0.5,0.4,0.0,0.0,0.6,0.2,0.0,0.1,0.2,0.4,0.4,0.2,0.2
145,Acinetobacter baumannii,1,1,1,1,0,0,1,1,0,1,1,1,1,1,1,Ceftibuten,0.5,0.7,0.5,0.4,0.7,0.0,0.6,0.2,0.1,0.1,0.5,0.4,0.4,0.7,0.8,5.8,0.39,0.5,0.7,0.5,0.4,0.0,0.0,0.6,0.2,0.0,0.1,0.5,0.4,0.4,0.7,0.8
146,Acinetobacter baumannii,1,1,1,1,0,0,1,1,0,1,1,1,1,1,1,Ceftolozane-tazobactam,0.3,0.2,0.5,0.4,0.5,0.0,0.6,0.2,0.1,0.1,0.2,0.4,0.4,0.2,0.2,3.7,0.25,0.3,0.2,0.5,0.4,0.0,0.0,0.6,0.2,0.0,0.1,0.2,0.4,0.4,0.2,0.2
147,Acinetobacter baumannii,1,1,1,1,0,0,1,1,0,1,1,1,1,1,1,Ceftriaxone,0.5,0.7,0.5,0.4,0.7,0.0,0.6,0.2,0.1,0.1,0.5,0.4,0.4,0.7,0.8,5.8,0.39,0.5,0.7,0.5,0.4,0.0,0.0,0.6,0.2,0.0,0.1,0.5,0.4,0.4,0.7,0.8
148,Acinetobacter baumannii,1,1,1,1,0,0,1,1,0,1,1,1,1,1,1,Amikacin,0.5,0.1,0.3,0.2,0.0,0.8,0.7,0.7,0.1,0.1,0.7,0.3,0.3,0.0,0.3,4.2,0.28,0.5,0.1,0.3,0.2,0.0,0.0,0.7,0.7,0.0,0.1,0.7,0.3,0.3,0.0,0.3
149,Acinetobacter baumannii,1,1,1,1,0,0,1,1,0,1,1,1,1,1,1,Gentamicin,0.6,0.1,0.3,0.2,0.0,0.9,0.7,0.7,0.1,0.1,0.8,0.3,0.3,0.0,0.3,4.4,0.29,0.6,0.1,0.3,0.2,0.0,0.0,0.7,0.7,0.0,0.1,0.8,0.3,0.3,0.0,0.3
150,Acinetobacter baumannii,1,1,1,1,0,0,1,1,0,1,1,1,1,1,1,Erythromycin,0.8,0.1,0.2,0.2,0.0,0.9,0.7,0.8,0.1,0.2,0.6,0.9,0.8,0.0,0.9,6.2,0.41,0.8,0.1,0.2,0.2,0.0,0.0,0.7,0.8,0.0,0.2,0.6,0.9,0.8,0.0,0.9
151,Acinetobacter baumannii,1,1,1,1,0,0,1,1,0,1,1,1,1,1,1,Amoxicillin-clavulanate,0.5,0.2,0.4,0.3,0.7,0.0,0.6,0.2,0.1,0.1,0.2,0.5,0.5,0.2,0.8,4.5,0.3,0.5,0.2,0.4,0.3,0.0,0.0,0.6,0.2,0.0,0.1,0.2,0.5,0.5,0.2,0.8
152,Acinetobacter baumannii,1,1,1,1,0,0,1,1,0,1,1,1,1,1,1,Ampicillin-sulbactam,0.5,0.2,0.4,0.3,0.7,0.0,0.6,0.2,0.1,0.1,0.2,0.5,0.5,0.2,0.8,4.5,0.3,0.5,0.2,0.4,0.3,0.0,0.0,0.6,0.2,0.0,0.1,0.2,0.5,0.5,0.2,0.8
153,Acinetobacter baumannii,1,1,1,1,0,0,1,1,0,1,1,1,1,1,1,Oxacillin,0.4,0.8,0.3,0.2,0.9,0.0,0.6,0.2,0.1,0.1,0.6,0.6,0.6,0.8,0.9,6.1,0.41,0.4,0.8,0.3,0.2,0.0,0.0,0.6,0.2,0.0,0.1,0.6,0.6,0.6,0.8,0.9
154,Neisseria gonorrhoeae,1,1,0,1,0,0,1,1,0,1,1,1,1,0,1,Ampicillin,0.4,0.9,0.5,0.5,0.9,0.0,0.9,1.0,1.0,0.5,0.9,0.5,0.5,0.9,0.9,7.0,0.47,0.4,0.9,0.0,0.5,0.0,0.0,0.9,1.0,0.0,0.5,0.9,0.5,0.5,0.0,0.9
155,Neisseria gonorrhoeae,1,1,0,1,0,0,1,1,0,1,1,1,1,0,1,Azithromycin,0.8,0.4,0.1,0.1,0.0,0.9,0.6,1.0,0.7,0.4,0.5,0.9,0.8,0.1,0.9,6.4,0.43,0.8,0.4,0.0,0.1,0.0,0.0,0.6,1.0,0.0,0.4,0.5,0.9,0.8,0.0,0.9
156,Neisseria gonorrhoeae,1,1,0,1,0,0,1,1,0,1,1,1,1,0,1,Imipenem,0.3,0.7,0.8,0.6,0.6,0.0,0.7,0.2,0.1,0.1,0.5,0.4,0.4,0.3,0.2,4.1,0.27,0.3,0.7,0.0,0.6,0.0,0.0,0.7,0.2,0.0,0.1,0.5,0.4,0.4,0.0,0.2
157,Neisseria gonorrhoeae,1,1,0,1,0,0,1,1,0,1,1,1,1,0,1,Meropenem,0.4,0.8,0.8,0.6,0.5,0.0,0.7,0.2,0.1,0.1,0.5,0.4,0.4,0.3,0.2,4.3,0.29,0.4,0.8,0.0,0.6,0.0,0.0,0.7,0.2,0.0,0.1,0.5,0.4,0.4,0.0,0.2
158,Neisseria gonorrhoeae,1,1,0,1,0,0,1,1,0,1,1,1,1,0,1,Meropenem-vaborbactam,0.3,0.2,0.7,0.5,0.5,0.0,0.6,0.2,0.1,0.1,0.2,0.4,0.4,0.1,0.2,3.1,0.21,0.3,0.2,0.0,0.5,0.0,0.0,0.6,0.2,0.0,0.1,0.2,0.4,0.4,0.0,0.2
159,Neisseria gonorrhoeae,1,1,0,1,0,0,1,1,0,1,1,1,1,0,1,Cefepime,0.4,0.6,0.5,0.4,0.7,0.0,0.6,0.2,0.1,0.1,0.5,0.3,0.3,0.4,0.3,3.7,0.25,0.4,0.6,0.0,0.4,0.0,0.0,0.6,0.2,0.0,0.1,0.5,0.3,0.3,0.0,0.3
160,Neisseria gonorrhoeae,1,1,0,1,0,0,1,1,0,1,1,1,1,0,1,Cefiderocol,0.2,0.3,0.1,0.1,0.4,0.0,0.5,0.2,0.1,0.1,0.5,0.2,0.1,0.1,0.1,2.3,0.15,0.2,0.3,0.0,0.1,0.0,0.0,0.5,0.2,0.0,0.1,0.5,0.2,0.1,0.0,0.1
161,Neisseria gonorrhoeae,1,1,0,1,0,0,1,1,0,1,1,1,1,0,1,Cefixime,0.5,0.7,0.5,0.4,0.7,0.0,0.6,0.2,0.1,0.1,0.5,0.4,0.4,0.7,0.8,4.6,0.31,0.5,0.7,0.0,0.4,0.0,0.0,0.6,0.2,0.0,0.1,0.5,0.4,0.4,0.0,0.8
162,Neisseria gonorrhoeae,1,1,0,1,0,0,1,1,0,1,1,1,1,0,1,Cefoperazone-sulbactam,0.4,0.3,0.5,0.4,0.6,0.0,0.6,0.2,0.1,0.1,0.3,0.4,0.4,0.2,0.3,3.4,0.23,0.4,0.3,0.0,0.4,0.0,0.0,0.6,0.2,0.0,0.1,0.3,0.4,0.4,0.0,0.3
163,Neisseria gonorrhoeae,1,1,0,1,0,0,1,1,0,1,1,1,1,0,1,Cefoxitin,0.4,0.5,0.5,0.4,0.7,0.0,0.6,0.2,0.1,0.1,0.4,0.4,0.4,0.6,0.8,4.2,0.28,0.4,0.5,0.0,0.4,0.0,0.0,0.6,0.2,0.0,0.1,0.4,0.4,0.4,0.0,0.8
164,Neisseria gonorrhoeae,1,1,0,1,0,0,1,1,0,1,1,1,1,0,1,Cefpodoxime,0.5,0.7,0.5,0.4,0.7,0.0,0.6,0.2,0.1,0.1,0.5,0.4,0.4,0.7,0.8,4.6,0.31,0.5,0.7,0.0,0.4,0.0,0.0,0.6,0.2,0.0,0.1,0.5,0.4,0.4,0.0,0.8
165,Neisseria gonorrhoeae,1,1,0,1,0,0,1,1,0,1,1,1,1,0,1,Ceftaroline,0.3,0.5,0.4,0.3,0.5,0.0,0.6,0.2,0.1,0.1,0.4,0.4,0.4,0.5,0.8,4.0,0.27,0.3,0.5,0.0,0.3,0.0,0.0,0.6,0.2,0.0,0.1,0.4,0.4,0.4,0.0,0.8
166,Neisseria gonorrhoeae,1,1,0,1,0,0,1,1,0,1,1,1,1,0,1,Ceftazidime-avibactam,0.3,0.2,0.5,0.4,0.5,0.0,0.6,0.2,0.1,0.1,0.2,0.4,0.4,0.2,0.2,3.0,0.2,0.3,0.2,0.0,0.4,0.0,0.0,0.6,0.2,0.0,0.1,0.2,0.4,0.4,0.0,0.2
167,Neisseria gonorrhoeae,1,1,0,1,0,0,1,1,0,1,1,1,1,0,1,Ceftibuten,0.5,0.7,0.5,0.4,0.7,0.0,0.6,0.2,0.1,0.1,0.5,0.4,0.4,0.7,0.8,4.6,0.31,0.5,0.7,0.0,0.4,0.0,0.0,0.6,0.2,0.0,0.1,0.5,0.4,0.4,0.0,0.8
168,Neisseria gonorrhoeae,1,1,0,1,0,0,1,1,0,1,1,1,1,0,1,Ceftolozane-tazobactam,0.3,0.2,0.5,0.4,0.5,0.0,0.6,0.2,0.1,0.1,0.2,0.4,0.4,0.2,0.2,3.0,0.2,0.3,0.2,0.0,0.4,0.0,0.0,0.6,0.2,0.0,0.1,0.2,0.4,0.4,0.0,0.2
169,Neisseria gonorrhoeae,1,1,0,1,0,0,1,1,0,1,1,1,1,0,1,Ceftriaxone,0.5,0.7,0.5,0.4,0.7,0.0,0.6,0.2,0.1,0.1,0.5,0.4,0.4,0.7,0.8,4.6,0.31,0.5,0.7,0.0,0.4,0.0,0.0,0.6,0.2,0.0,0.1,0.5,0.4,0.4,0.0,0.8
170,Neisseria gonorrhoeae,1,1,0,1,0,0,1,1,0,1,1,1,1,0,1,Amikacin,0.5,0.1,0.3,0.2,0.0,0.8,0.7,0.7,0.1,0.1,0.7,0.3,0.3,0.0,0.3,3.9,0.26,0.5,0.1,0.0,0.2,0.0,0.0,0.7,0.7,0.0,0.1,0.7,0.3,0.3,0.0,0.3
171,Neisseria gonorrhoeae,1,1,0,1,0,0,1,1,0,1,1,1,1,0,1,Gentamicin,0.6,0.1,0.3,0.2,0.0,0.9,0.7,0.7,0.1,0.1,0.8,0.3,0.3,0.0,0.3,4.1,0.27,0.6,0.1,0.0,0.2,0.0,0.0,0.7,0.7,0.0,0.1,0.8,0.3,0.3,0.0,0.3
172,Neisseria gonorrhoeae,1,1,0,1,0,0,1,1,0,1,1,1,1,0,1,Erythromycin,0.8,0.1,0.2,0.2,0.0,0.9,0.7,0.8,0.1,0.2,0.6,0.9,0.8,0.0,0.9,6.0,0.4,0.8,0.1,0.0,0.2,0.0,0.0,0.7,0.8,0.0,0.2,0.6,0.9,0.8,0.0,0.9
173,Neisseria gonorrhoeae,1,1,0,1,0,0,1,1,0,1,1,1,1,0,1,Amoxicillin-clavulanate,0.5,0.2,0.4,0.3,0.7,0.0,0.6,0.2,0.1,0.1,0.2,0.5,0.5,0.2,0.8,3.9,0.26,0.5,0.2,0.0,0.3,0.0,0.0,0.6,0.2,0.0,0.1,0.2,0.5,0.5,0.0,0.8
174,Neisseria gonorrhoeae,1,1,0,1,0,0,1,1,0,1,1,1,1,0,1,Ampicillin-sulbactam,0.5,0.2,0.4,0.3,0.7,0.0,0.6,0.2,0.1,0.1,0.2,0.5,0.5,0.2,0.8,3.9,0.26,0.5,0.2,0.0,0.3,0.0,0.0,0.6,0.2,0.0,0.1,0.2,0.5,0.5,0.0,0.8
175,Neisseria gonorrhoeae,1,1,0,1,0,0,1,1,0,1,1,1,1,0,1,Oxacillin,0.4,0.8,0.3,0.2,0.9,0.0,0.6,0.2,0.1,0.1,0.6,0.6,0.6,0.8,0.9,5.0,0.33,0.4,0.8,0.0,0.2,0.0,0.0,0.6,0.2,0.0,0.1,0.6,0.6,0.6,0.0,0.9
176,Enterococcus faecium,0,0,0,0,1,1,1,1,1,0,0,0,0,0,0,Ampicillin,0.4,0.9,0.5,0.5,0.9,0.0,0.9,1.0,1.0,0.5,0.9,0.5,0.5,0.9,0.9,3.8,0.25,0.0,0.0,0.0,0.0,0.9,0.0,0.9,1.0,1.0,0.0,0.0,0.0,0.0,0.0,0.0
177,Enterococcus faecium,0,0,0,0,1,1,1,1,1,0,0,0,0,0,0,Azithromycin,0.8,0.4,0.1,0.1,0.0,0.9,0.6,1.0,0.7,0.4,0.5,0.9,0.8,0.1,0.9,3.2,0.21,0.0,0.0,0.0,0.0,0.0,0.9,0.6,1.0,0.7,0.0,0.0,0.0,0.0,0.0,0.0
178,Enterococcus faecium,0,0,0,0,1,1,1,1,1,0,0,0,0,0,0,Imipenem,0.3,0.7,0.8,0.6,0.6,0.0,0.7,0.2,0.1,0.1,0.5,0.4,0.4,0.3,0.2,1.6,0.11,0.0,0.0,0.0,0.0,0.6,0.0,0.7,0.2,0.1,0.0,0.0,0.0,0.0,0.0,0.0
179,Enterococcus faecium,0,0,0,0,1,1,1,1,1,0,0,0,0,0,0,Meropenem,0.4,0.8,0.8,0.6,0.5,0.0,0.7,0.2,0.1,0.1,0.5,0.4,0.4,0.3,0.2,1.5,0.1,0.0,0.0,0.0,0.0,0.5,0.0,0.7,0.2,0.1,0.0,0.0,0.0,0.0,0.0,0.0
180,Enterococcus faecium,0,0,0,0,1,1,1,1,1,0,0,0,0,0,0,Meropenem-vaborbactam,0.3,0.2,0.7,0.5,0.5,0.0,0.6,0.2,0.1,0.1,0.2,0.4,0.4,0.1,0.2,1.4,0.09,0.0,0.0,0.0,0.0,0.5,0.0,0.6,0.2,0.1,0.0,0.0,0.0,0.0,0.0,0.0
181,Enterococcus faecium,0,0,0,0,1,1,1,1,1,0,0,0,0,0,0,Cefepime,0.4,0.6,0.5,0.4,0.7,0.0,0.6,0.2,0.1,0.1,0.5,0.3,0.3,0.4,0.3,1.6,0.11,0.0,0.0,0.0,0.0,0.7,0.0,0.6,0.2,0.1,0.0,0.0,0.0,0.0,0.0,0.0
182,Enterococcus faecium,0,0,0,0,1,1,1,1,1,0,0,0,0,0,0,Cefiderocol,0.2,0.3,0.1,0.1,0.4,0.0,0.5,0.2,0.1,0.1,0.5,0.2,0.1,0.1,0.1,1.2,0.08,0.0,0.0,0.0,0.0,0.4,0.0,0.5,0.2,0.1,0.0,0.0,0.0,0.0,0.0,0.0
183,Enterococcus faecium,0,0,0,0,1,1,1,1,1,0,0,0,0,0,0,Cefixime,0.5,0.7,0.5,0.4,0.7,0.0,0.6,0.2,0.1,0.1,0.5,0.4,0.4,0.7,0.8,1.6,0.11,0.0,0.0,0.0,0.0,0.7,0.0,0.6,0.2,0.1,0.0,0.0,0.0,0.0,0.0,0.0
184,Enterococcus faecium,0,0,0,0,1,1,1,1,1,0,0,0,0,0,0,Cefoperazone-sulbactam,0.4,0.3,0.5,0.4,0.6,0.0,0.6,0.2,0.1,0.1,0.3,0.4,0.4,0.2,0.3,1.5,0.1,0.0,0.0,0.0,0.0,0.6,0.0,0.6,0.2,0.1,0.0,0.0,0.0,0.0,0.0,0.0
185,Enterococcus faecium,0,0,0,0,1,1,1,1,1,0,0,0,0,0,0,Cefoxitin,0.4,0.5,0.5,0.4,0.7,0.0,0.6,0.2,0.1,0.1,0.4,0.4,0.4,0.6,0.8,1.6,0.11,0.0,0.0,0.0,0.0,0.7,0.0,0.6,0.2,0.1,0.0,0.0,0.0,0.0,0.0,0.0
186,Enterococcus faecium,0,0,0,0,1,1,1,1,1,0,0,0,0,0,0,Cefpodoxime,0.5,0.7,0.5,0.4,0.7,0.0,0.6,0.2,0.1,0.1,0.5,0.4,0.4,0.7,0.8,1.6,0.11,0.0,0.0,0.0,0.0,0.7,0.0,0.6,0.2,0.1,0.0,0.0,0.0,0.0,0.0,0.0
187,Enterococcus faecium,0,0,0,0,1,1,1,1,1,0,0,0,0,0,0,Ceftaroline,0.3,0.5,0.4,0.3,0.5,0.0,0.6,0.2,0.1,0.1,0.4,0.4,0.4,0.5,0.8,1.4,0.09,0.0,0.0,0.0,0.0,0.5,0.0,0.6,0.2,0.1,0.0,0.0,0.0,0.0,0.0,0.0
188,Enterococcus faecium,0,0,0,0,1,1,1,1,1,0,0,0,0,0,0,Ceftazidime-avibactam,0.3,0.2,0.5,0.4,0.5,0.0,0.6,0.2,0.1,0.1,0.2,0.4,0.4,0.2,0.2,1.4,0.09,0.0,0.0,0.0,0.0,0.5,0.0,0.6,0.2,0.1,0.0,0.0,0.0,0.0,0.0,0.0
189,Enterococcus faecium,0,0,0,0,1,1,1,1,1,0,0,0,0,0,0,Ceftibuten,0.5,0.7,0.5,0.4,0.7,0.0,0.6,0.2,0.1,0.1,0.5,0.4,0.4,0.7,0.8,1.6,0.11,0.0,0.0,0.0,0.0,0.7,0.0,0.6,0.2,0.1,0.0,0.0,0.0,0.0,0.0,0.0
190,Enterococcus faecium,0,0,0,0,1,1,1,1,1,0,0,0,0,0,0,Ceftolozane-tazobactam,0.3,0.2,0.5,0.4,0.5,0.0,0.6,0.2,0.1,0.1,0.2,0.4,0.4,0.2,0.2,1.4,0.09,0.0,0.0,0.0,0.0,0.5,0.0,0.6,0.2,0.1,0.0,0.0,0.0,0.0,0.0,0.0
191,Enterococcus faecium,0,0,0,0,1,1,1,1,1,0,0,0,0,0,0,Ceftriaxone,0.5,0.7,0.5,0.4,0.7,0.0,0.6,0.2,0.1,0.1,0.5,0.4,0.4,0.7,0.8,1.6,0.11,0.0,0.0,0.0,0.0,0.7,0.0,0.6,0.2,0.1,0.0,0.0,0.0,0.0,0.0,0.0
192,Enterococcus faecium,0,0,0,0,1,1,1,1,1,0,0,0,0,0,0,Amikacin,0.5,0.1,0.3,0.2,0.0,0.8,0.7,0.7,0.1,0.1,0.7,0.3,0.3,0.0,0.3,2.3,0.15,0.0,0.0,0.0,0.0,0.0,0.8,0.7,0.7,0.1,0.0,0.0,0.0,0.0,0.0,0.0
193,Enterococcus faecium,0,0,0,0,1,1,1,1,1,0,0,0,0,0,0,Gentamicin,0.6,0.1,0.3,0.2,0.0,0.9,0.7,0.7,0.1,0.1,0.8,0.3,0.3,0.0,0.3,2.4,0.16,0.0,0.0,0.0,0.0,0.0,0.9,0.7,0.7,0.1,0.0,0.0,0.0,0.0,0.0,0.0
194,Enterococcus faecium,0,0,0,0,1,1,1,1,1,0,0,0,0,0,0,Erythromycin,0.8,0.1,0.2,0.2,0.0,0.9,0.7,0.8,0.1,0.2,0.6,0.9,0.8,0.0,0.9,2.5,0.17,0.0,0.0,0.0,0.0,0.0,0.9,0.7,0.8,0.1,0.0,0.0,0.0,0.0,0.0,0.0
195,Enterococcus faecium,0,0,0,0,1,1,1,1,1,0,0,0,0,0,0,Amoxicillin-clavulanate,0.5,0.2,0.4,0.3,0.7,0.0,0.6,0.2,0.1,0.1,0.2,0.5,0.5,0.2,0.8,1.6,0.11,0.0,0.0,0.0,0.0,0.7,0.0,0.6,0.2,0.1,0.0,0.0,0.0,0.0,0.0,0.0
196,Enterococcus faecium,0,0,0,0,1,1,1,1,1,0,0,0,0,0,0,Ampicillin-sulbactam,0.5,0.2,0.4,0.3,0.7,0.0,0.6,0.2,0.1,0.1,0.2,0.5,0.5,0.2,0.8,1.6,0.11,0.0,0.0,0.0,0.0,0.7,0.0,0.6,0.2,0.1,0.0,0.0,0.0,0.0,0.0,0.0
197,Enterococcus faecium,0,0,0,0,1,1,1,1,1,0,0,0,0,0,0,Oxacillin,0.4,0.8,0.3,0.2,0.9,0.0,0.6,0.2,0.1,0.1,0.6,0.6,0.6,0.8,0.9,1.8,0.12,0.0,0.0,0.0,0.0,0.9,0.0,0.6,0.2,0.1,0.0,0.0,0.0,0.0,0.0,0.0
198,Enterobacter cloacae,1,1,1,1,0,0,1,1,0,1,1,1,1,1,0,Ampicillin,0.4,0.9,0.5,0.5,0.9,0.0,0.9,1.0,1.0,0.5,0.9,0.5,0.5,0.9,0.9,7.5,0.5,0.4,0.9,0.5,0.5,0.0,0.0,0.9,1.0,0.0,0.5,0.9,0.5,0.5,0.9,0.0
199,Enterobacter cloacae,1,1,1,1,0,0,1,1,0,1,1,1,1,1,0,Azithromycin,0.8,0.4,0.1,0.1,0.0,0.9,0.6,1.0,0.7,0.4,0.5,0.9,0.8,0.1,0.9,5.7,0.38,0.8,0.4,0.1,0.1,0.0,0.0,0.6,1.0,0.0,0.4,0.5,0.9,0.8,0.1,0.0
200,Enterobacter cloacae,1,1,1,1,0,0,1,1,0,1,1,1,1,1,0,Imipenem,0.3,0.7,0.8,0.6,0.6,0.0,0.7,0.2,0.1,0.1,0.5,0.4,0.4,0.3,0.2,5.0,0.33,0.3,0.7,0.8,0.6,0.0,0.0,0.7,0.2,0.0,0.1,0.5,0.4,0.4,0.3,0.0
201,Enterobacter cloacae,1,1,1,1,0,0,1,1,0,1,1,1,1,1,0,Meropenem,0.4,0.8,0.8,0.6,0.5,0.0,0.7,0.2,0.1,0.1,0.5,0.4,0.4,0.3,0.2,5.2,0.35,0.4,0.8,0.8,0.6,0.0,0.0,0.7,0.2,0.0,0.1,0.5,0.4,0.4,0.3,0.0
202,Enterobacter cloacae,1,1,1,1,0,0,1,1,0,1,1,1,1,1,0,Meropenem-vaborbactam,0.3,0.2,0.7,0.5,0.5,0.0,0.6,0.2,0.1,0.1,0.2,0.4,0.4,0.1,0.2,3.7,0.25,0.3,0.2,0.7,0.5,0.0,0.0,0.6,0.2,0.0,0.1,0.2,0.4,0.4,0.1,0.0
203,Enterobacter cloacae,1,1,1,1,0,0,1,1,0,1,1,1,1,1,0,Cefepime,0.4,0.6,0.5,0.4,0.7,0.0,0.6,0.2,0.1,0.1,0.5,0.3,0.3,0.4,0.3,4.3,0.29,0.4,0.6,0.5,0.4,0.0,0.0,0.6,0.2,0.0,0.1,0.5,0.3,0.3,0.4,0.0
204,Enterobacter cloacae,1,1,1,1,0,0,1,1,0,1,1,1,1,1,0,Cefiderocol,0.2,0.3,0.1,0.1,0.4,0.0,0.5,0.2,0.1,0.1,0.5,0.2,0.1,0.1,0.1,2.4,0.16,0.2,0.3,0.1,0.1,0.0,0.0,0.5,0.2,0.0,0.1,0.5,0.2,0.1,0.1,0.0
205,Enterobacter cloacae,1,1,1,1,0,0,1,1,0,1,1,1,1,1,0,Cefixime,0.5,0.7,0.5,0.4,0.7,0.0,0.6,0.2,0.1,0.1,0.5,0.4,0.4,0.7,0.8,5.0,0.33,0.5,0.7,0.5,0.4,0.0,0.0,0.6,0.2,0.0,0.1,0.5,0.4,0.4,0.7,0.0
206,Enterobacter cloacae,1,1,1,1,0,0,1,1,0,1,1,1,1,1,0,Cefoperazone-sulbactam,0.4,0.3,0.5,0.4,0.6,0.0,0.6,0.2,0.1,0.1,0.3,0.4,0.4,0.2,0.3,3.8,0.25,0.4,0.3,0.5,0.4,0.0,0.0,0.6,0.2,0.0,0.1,0.3,0.4,0.4,0.2,0.0
207,Enterobacter cloacae,1,1,1,1,0,0,1,1,0,1,1,1,1,1,0,Cefoxitin,0.4,0.5,0.5,0.4,0.7,0.0,0.6,0.2,0.1,0.1,0.4,0.4,0.4,0.6,0.8,4.5,0.3,0.4,0.5,0.5,0.4,0.0,0.0,0.6,0.2,0.0,0.1,0.4,0.4,0.4,0.6,0.0
208,Enterobacter cloacae,1,1,1,1,0,0,1,1,0,1,1,1,1,1,0,Cefpodoxime,0.5,0.7,0.5,0.4,0.7,0.0,0.6,0.2,0.1,0.1,0.5,0.4,0.4,0.7,0.8,5.0,0.33,0.5,0.7,0.5,0.4,0.0,0.0,0.6,0.2,0.0,0.1,0.5,0.4,0.4,0.7,0.0
209,Enterobacter cloacae,1,1,1,1,0,0,1,1,0,1,1,1,1,1,0,Ceftaroline,0.3,0.5,0.4,0.3,0.5,0.0,0.6,0.2,0.1,0.1,0.4,0.4,0.4,0.5,0.8,4.1,0.27,0.3,0.5,0.4,0.3,0.0,0.0,0.6,0.2,0.0,0.1,0.4,0.4,0.4,0.5,0.0
210,Enterobacter cloacae,1,1,1,1,0,0,1,1,0,1,1,1,1,1,0,Ceftazidime-avibactam,0.3,0.2,0.5,0.4,0.5,0.0,0.6,0.2,0.1,0.1,0.2,0.4,0.4,0.2,0.2,3.5,0.23,0.3,0.2,0.5,0.4,0.0,0.0,0.6,0.2,0.0,0.1,0.2,0.4,0.4,0.2,0.0
211,Enterobacter cloacae,1,1,1,1,0,0,1,1,0,1,1,1,1,1,0,Ceftibuten,0.5,0.7,0.5,0.4,0.7,0.0,0.6,0.2,0.1,0.1,0.5,0.4,0.4,0.7,0.8,5.0,0.33,0.5,0.7,0.5,0.4,0.0,0.0,0.6,0.2,0.0,0.1,0.5,0.4,0.4,0.7,0.0
212,Enterobacter cloacae,1,1,1,1,0,0,1,1,0,1,1,1,1,1,0,Ceftolozane-tazobactam,0.3,0.2,0.5,0.4,0.5,0.0,0.6,0.2,0.1,0.1,0.2,0.4,0.4,0.2,0.2,3.5,0.23,0.3,0.2,0.5,0.4,0.0,0.0,0.6,0.2,0.0,0.1,0.2,0.4,0.4,0.2,0.0
213,Enterobacter cloacae,1,1,1,1,0,0,1,1,0,1,1,1,1,1,0,Ceftriaxone,0.5,0.7,0.5,0.4,0.7,0.0,0.6,0.2,0.1,0.1,0.5,0.4,0.4,0.7,0.8,5.0,0.33,0.5,0.7,0.5,0.4,0.0,0.0,0.6,0.2,0.0,0.1,0.5,0.4,0.4,0.7,0.0
214,Enterobacter cloacae,1,1,1,1,0,0,1,1,0,1,1,1,1,1,0,Amikacin,0.5,0.1,0.3,0.2,0.0,0.8,0.7,0.7,0.1,0.1,0.7,0.3,0.3,0.0,0.3,3.9,0.26,0.5,0.1,0.3,0.2,0.0,0.0,0.7,0.7,0.0,0.1,0.7,0.3,0.3,0.0,0.0
215,Enterobacter cloacae,1,1,1,1,0,0,1,1,0,1,1,1,1,1,0,Gentamicin,0.6,0.1,0.3,0.2,0.0,0.9,0.7,0.7,0.1,0.1,0.8,0.3,0.3,0.0,0.3,4.1,0.27,0.6,0.1,0.3,0.2,0.0,0.0,0.7,0.7,0.0,0.1,0.8,0.3,0.3,0.0,0.0
216,Enterobacter cloacae,1,1,1,1,0,0,1,1,0,1,1,1,1,1,0,Erythromycin,0.8,0.1,0.2,0.2,0.0,0.9,0.7,0.8,0.1,0.2,0.6,0.9,0.8,0.0,0.9,5.3,0.35,0.8,0.1,0.2,0.2,0.0,0.0,0.7,0.8,0.0,0.2,0.6,0.9,0.8,0.0,0.0
217,Enterobacter cloacae,1,1,1,1,0,0,1,1,0,1,1,1,1,1,0,Amoxicillin-clavulanate,0.5,0.2,0.4,0.3,0.7,0.0,0.6,0.2,0.1,0.1,0.2,0.5,0.5,0.2,0.8,3.7,0.25,0.5,0.2,0.4,0.3,0.0,0.0,0.6,0.2,0.0,0.1,0.2,0.5,0.5,0.2,0.0
218,Enterobacter cloacae,1,1,1,1,0,0,1,1,0,1,1,1,1,1,0,Ampicillin-sulbactam,0.5,0.2,0.4,0.3,0.7,0.0,0.6,0.2,0.1,0.1,0.2,0.5,0.5,0.2,0.8,3.7,0.25,0.5,0.2,0.4,0.3,0.0,0.0,0.6,0.2,0.0,0.1,0.2,0.5,0.5,0.2,0.0
219,Enterobacter cloacae,1,1,1,1,0,0,1,1,0,1,1,1,1,1,0,Oxacillin,0.4,0.8,0.3,0.2,0.9,0.0,0.6,0.2,0.1,0.1,0.6,0.6,0.6,0.8,0.9,5.2,0.35,0.4,0.8,0.3,0.2,0.0,0.0,0.6,0.2,0.0,0.1,0.6,0.6,0.6,0.8,0.0
220,Serratia marcescens,1,1,0,0,0,0,1,1,0,1,1,1,1,1,0,Ampicillin,0.4,0.9,0.5,0.5,0.9,0.0,0.9,1.0,1.0,0.5,0.9,0.5,0.5,0.9,0.9,6.5,0.43,0.4,0.9,0.0,0.0,0.0,0.0,0.9,1.0,0.0,0.5,0.9,0.5,0.5,0.9,0.0
221,Serratia marcescens,1,1,0,0,0,0,1,1,0,1,1,1,1,1,0,Azithromycin,0.8,0.4,0.1,0.1,0.0,0.9,0.6,1.0,0.7,0.4,0.5,0.9,0.8,0.1,0.9,5.5,0.37,0.8,0.4,0.0,0.0,0.0,0.0,0.6,1.0,0.0,0.4,0.5,0.9,0.8,0.1,0.0
222,Serratia marcescens,1,1,0,0,0,0,1,1,0,1,1,1,1,1,0,Imipenem,0.3,0.7,0.8,0.6,0.6,0.0,0.7,0.2,0.1,0.1,0.5,0.4,0.4,0.3,0.2,3.6,0.24,0.3,0.7,0.0,0.0,0.0,0.0,0.7,0.2,0.0,0.1,0.5,0.4,0.4,0.3,0.0
223,Serratia marcescens,1,1,0,0,0,0,1,1,0,1,1,1,1,1,0,Meropenem,0.4,0.8,0.8,0.6,0.5,0.0,0.7,0.2,0.1,0.1,0.5,0.4,0.4,0.3,0.2,3.8,0.25,0.4,0.8,0.0,0.0,0.0,0.0,0.7,0.2,0.0,0.1,0.5,0.4,0.4,0.3,0.0
224,Serratia marcescens,1,1,0,0,0,0,1,1,0,1,1,1,1,1,0,Meropenem-vaborbactam,0.3,0.2,0.7,0.5,0.5,0.0,0.6,0.2,0.1,0.1,0.2,0.4,0.4,0.1,0.2,2.5,0.17,0.3,0.2,0.0,0.0,0.0,0.0,0.6,0.2,0.0,0.1,0.2,0.4,0.4,0.1,0.0
225,Serratia marcescens,1,1,0,0,0,0,1,1,0,1,1,1,1,1,0,Cefepime,0.4,0.6,0.5,0.4,0.7,0.0,0.6,0.2,0.1,0.1,0.5,0.3,0.3,0.4,0.3,3.4,0.23,0.4,0.6,0.0,0.0,0.0,0.0,0.6,0.2,0.0,0.1,0.5,0.3,0.3,0.4,0.0
226,Serratia marcescens,1,1,0,0,0,0,1,1,0,1,1,1,1,1,0,Cefiderocol,0.2,0.3,0.1,0.1,0.4,0.0,0.5,0.2,0.1,0.1,0.5,0.2,0.1,0.1,0.1,2.2,0.15,0.2,0.3,0.0,0.0,0.0,0.0,0.5,0.2,0.0,0.1,0.5,0.2,0.1,0.1,0.0
227,Serratia marcescens,1,1,0,0,0,0,1,1,0,1,1,1,1,1,0,Cefixime,0.5,0.7,0.5,0.4,0.7,0.0,0.6,0.2,0.1,0.1,0.5,0.4,0.4,0.7,0.8,4.1,0.27,0.5,0.7,0.0,0.0,0.0,0.0,0.6,0.2,0.0,0.1,0.5,0.4,0.4,0.7,0.0
228,Serratia marcescens,1,1,0,0,0,0,1,1,0,1,1,1,1,1,0,Cefoperazone-sulbactam,0.4,0.3,0.5,0.4,0.6,0.0,0.6,0.2,0.1,0.1,0.3,0.4,0.4,0.2,0.3,2.9,0.19,0.4,0.3,0.0,0.0,0.0,0.0,0.6,0.2,0.0,0.1,0.3,0.4,0.4,0.2,0.0
229,Serratia marcescens,1,1,0,0,0,0,1,1,0,1,1,1,1,1,0,Cefoxitin,0.4,0.5,0.5,0.4,0.7,0.0,0.6,0.2,0.1,0.1,0.4,0.4,0.4,0.6,0.8,3.6,0.24,0.4,0.5,0.0,0.0,0.0,0.0,0.6,0.2,0.0,0.1,0.4,0.4,0.4,0.6,0.0
230,Serratia marcescens,1,1,0,0,0,0,1,1,0,1,1,1,1,1,0,Cefpodoxime,0.5,0.7,0.5,0.4,0.7,0.0,0.6,0.2,0.1,0.1,0.5,0.4,0.4,0.7,0.8,4.1,0.27,0.5,0.7,0.0,0.0,0.0,0.0,0.6,0.2,0.0,0.1,0.5,0.4,0.4,0.7,0.0
231,Serratia marcescens,1,1,0,0,0,0,1,1,0,1,1,1,1,1,0,Ceftaroline,0.3,0.5,0.4,0.3,0.5,0.0,0.6,0.2,0.1,0.1,0.4,0.4,0.4,0.5,0.8,3.4,0.23,0.3,0.5,0.0,0.0,0.0,0.0,0.6,0.2,0.0,0.1,0.4,0.4,0.4,0.5,0.0
232,Serratia marcescens,1,1,0,0,0,0,1,1,0,1,1,1,1,1,0,Ceftazidime-avibactam,0.3,0.2,0.5,0.4,0.5,0.0,0.6,0.2,0.1,0.1,0.2,0.4,0.4,0.2,0.2,2.6,0.17,0.3,0.2,0.0,0.0,0.0,0.0,0.6,0.2,0.0,0.1,0.2,0.4,0.4,0.2,0.0
233,Serratia marcescens,1,1,0,0,0,0,1,1,0,1,1,1,1,1,0,Ceftibuten,0.5,0.7,0.5,0.4,0.7,0.0,0.6,0.2,0.1,0.1,0.5,0.4,0.4,0.7,0.8,4.1,0.27,0.5,0.7,0.0,0.0,0.0,0.0,0.6,0.2,0.0,0.1,0.5,0.4,0.4,0.7,0.0
234,Serratia marcescens,1,1,0,0,0,0,1,1,0,1,1,1,1,1,0,Ceftolozane-tazobactam,0.3,0.2,0.5,0.4,0.5,0.0,0.6,0.2,0.1,0.1,0.2,0.4,0.4,0.2,0.2,2.6,0.17,0.3,0.2,0.0,0.0,0.0,0.0,0.6,0.2,0.0,0.1,0.2,0.4,0.4,0.2,0.0
235,Serratia marcescens,1,1,0,0,0,0,1,1,0,1,1,1,1,1,0,Ceftriaxone,0.5,0.7,0.5,0.4,0.7,0.0,0.6,0.2,0.1,0.1,0.5,0.4,0.4,0.7,0.8,4.1,0.27,0.5,0.7,0.0,0.0,0.0,0.0,0.6,0.2,0.0,0.1,0.5,0.4,0.4,0.7,0.0
236,Serratia marcescens,1,1,0,0,0,0,1,1,0,1,1,1,1,1,0,Amikacin,0.5,0.1,0.3,0.2,0.0,0.8,0.7,0.7,0.1,0.1,0.7,0.3,0.3,0.0,0.3,3.4,0.23,0.5,0.1,0.0,0.0,0.0,0.0,0.7,0.7,0.0,0.1,0.7,0.3,0.3,0.0,0.0
237,Serratia marcescens,1,1,0,0,0,0,1,1,0,1,1,1,1,1,0,Gentamicin,0.6,0.1,0.3,0.2,0.0,0.9,0.7,0.7,0.1,0.1,0.8,0.3,0.3,0.0,0.3,3.6,0.24,0.6,0.1,0.0,0.0,0.0,0.0,0.7,0.7,0.0,0.1,0.8,0.3,0.3,0.0,0.0
238,Serratia marcescens,1,1,0,0,0,0,1,1,0,1,1,1,1,1,0,Erythromycin,0.8,0.1,0.2,0.2,0.0,0.9,0.7,0.8,0.1,0.2,0.6,0.9,0.8,0.0,0.9,4.9,0.33,0.8,0.1,0.0,0.0,0.0,0.0,0.7,0.8,0.0,0.2,0.6,0.9,0.8,0.0,0.0
239,Serratia marcescens,1,1,0,0,0,0,1,1,0,1,1,1,1,1,0,Amoxicillin-clavulanate,0.5,0.2,0.4,0.3,0.7,0.0,0.6,0.2,0.1,0.1,0.2,0.5,0.5,0.2,0.8,3.0,0.2,0.5,0.2,0.0,0.0,0.0,0.0,0.6,0.2,0.0,0.1,0.2,0.5,0.5,0.2,0.0
240,Serratia marcescens,1,1,0,0,0,0,1,1,0,1,1,1,1,1,0,Ampicillin-sulbactam,0.5,0.2,0.4,0.3,0.7,0.0,0.6,0.2,0.1,0.1,0.2,0.5,0.5,0.2,0.8,3.0,0.2,0.5,0.2,0.0,0.0,0.0,0.0,0.6,0.2,0.0,0.1,0.2,0.5,0.5,0.2,0.0
241,Serratia marcescens,1,1,0,0,0,0,1,1,0,1,1,1,1,1,0,Oxacillin,0.4,0.8,0.3,0.2,0.9,0.0,0.6,0.2,0.1,0.1,0.6,0.6,0.6,0.8,0.9,4.7,0.31,0.4,0.8,0.0,0.0,0.0,0.0,0.6,0.2,0.0,0.1,0.6,0.6,0.6,0.8,0.0
242,Mycobacterium tuberculosis,1,1,0,1,0,1,1,1,0,1,1,0,0,0,1,Ampicillin,0.4,0.9,0.5,0.5,0.9,0.0,0.9,1.0,1.0,0.5,0.9,0.5,0.5,0.9,0.9,6.0,0.4,0.4,0.9,0.0,0.5,0.0,0.0,0.9,1.0,0.0,0.5,0.9,0.0,0.0,0.0,0.9
243,Mycobacterium tuberculosis,1,1,0,1,0,1,1,1,0,1,1,0,0,0,1,Azithromycin,0.8,0.4,0.1,0.1,0.0,0.9,0.6,1.0,0.7,0.4,0.5,0.9,0.8,0.1,0.9,5.6,0.37,0.8,0.4,0.0,0.1,0.0,0.9,0.6,1.0,0.0,0.4,0.5,0.0,0.0,0.0,0.9
244,Mycobacterium tuberculosis,1,1,0,1,0,1,1,1,0,1,1,0,0,0,1,Imipenem,0.3,0.7,0.8,0.6,0.6,0.0,0.7,0.2,0.1,0.1,0.5,0.4,0.4,0.3,0.2,3.3,0.22,0.3,0.7,0.0,0.6,0.0,0.0,0.7,0.2,0.0,0.1,0.5,0.0,0.0,0.0,0.2
245,Mycobacterium tuberculosis,1,1,0,1,0,1,1,1,0,1,1,0,0,0,1,Meropenem,0.4,0.8,0.8,0.6,0.5,0.0,0.7,0.2,0.1,0.1,0.5,0.4,0.4,0.3,0.2,3.5,0.23,0.4,0.8,0.0,0.6,0.0,0.0,0.7,0.2,0.0,0.1,0.5,0.0,0.0,0.0,0.2
246,Mycobacterium tuberculosis,1,1,0,1,0,1,1,1,0,1,1,0,0,0,1,Meropenem-vaborbactam,0.3,0.2,0.7,0.5,0.5,0.0,0.6,0.2,0.1,0.1,0.2,0.4,0.4,0.1,0.2,2.3,0.15,0.3,0.2,0.0,0.5,0.0,0.0,0.6,0.2,0.0,0.1,0.2,0.0,0.0,0.0,0.2
247,Mycobacterium tuberculosis,1,1,0,1,0,1,1,1,0,1,1,0,0,0,1,Cefepime,0.4,0.6,0.5,0.4,0.7,0.0,0.6,0.2,0.1,0.1,0.5,0.3,0.3,0.4,0.3,3.1,0.21,0.4,0.6,0.0,0.4,0.0,0.0,0.6,0.2,0.0,0.1,0.5,0.0,0.0,0.0,0.3
248,Mycobacterium tuberculosis,1,1,0,1,0,1,1,1,0,1,1,0,0,0,1,Cefiderocol,0.2,0.3,0.1,0.1,0.4,0.0,0.5,0.2,0.1,0.1,0.5,0.2,0.1,0.1,0.1,2.0,0.13,0.2,0.3,0.0,0.1,0.0,0.0,0.5,0.2,0.0,0.1,0.5,0.0,0.0,0.0,0.1
249,Mycobacterium tuberculosis,1,1,0,1,0,1,1,1,0,1,1,0,0,0,1,Cefixime,0.5,0.7,0.5,0.4,0.7,0.0,0.6,0.2,0.1,0.1,0.5,0.4,0.4,0.7,0.8,3.8,0.25,0.5,0.7,0.0,0.4,0.0,0.0,0.6,0.2,0.0,0.1,0.5,0.0,0.0,0.0,0.8
250,Mycobacterium tuberculosis,1,1,0,1,0,1,1,1,0,1,1,0,0,0,1,Cefoperazone-sulbactam,0.4,0.3,0.5,0.4,0.6,0.0,0.6,0.2,0.1,0.1,0.3,0.4,0.4,0.2,0.3,2.6,0.17,0.4,0.3,0.0,0.4,0.0,0.0,0.6,0.2,0.0,0.1,0.3,0.0,0.0,0.0,0.3
251,Mycobacterium tuberculosis,1,1,0,1,0,1,1,1,0,1,1,0,0,0,1,Cefoxitin,0.4,0.5,0.5,0.4,0.7,0.0,0.6,0.2,0.1,0.1,0.4,0.4,0.4,0.6,0.8,3.4,0.23,0.4,0.5,0.0,0.4,0.0,0.0,0.6,0.2,0.0,0.1,0.4,0.0,0.0,0.0,0.8
252,Mycobacterium tuberculosis,1,1,0,1,0,1,1,1,0,1,1,0,0,0,1,Cefpodoxime,0.5,0.7,0.5,0.4,0.7,0.0,0.6,0.2,0.1,0.1,0.5,0.4,0.4,0.7,0.8,3.8,0.25,0.5,0.7,0.0,0.4,0.0,0.0,0.6,0.2,0.0,0.1,0.5,0.0,0.0,0.0,0.8
253,Mycobacterium tuberculosis,1,1,0,1,0,1,1,1,0,1,1,0,0,0,1,Ceftaroline,0.3,0.5,0.4,0.3,0.5,0.0,0.6,0.2,0.1,0.1,0.4,0.4,0.4,0.5,0.8,3.2,0.21,0.3,0.5,0.0,0.3,0.0,0.0,0.6,0.2,0.0,0.1,0.4,0.0,0.0,0.0,0.8
254,Mycobacterium tuberculosis,1,1,0,1,0,1,1,1,0,1,1,0,0,0,1,Ceftazidime-avibactam,0.3,0.2,0.5,0.4,0.5,0.0,0.6,0.2,0.1,0.1,0.2,0.4,0.4,0.2,0.2,2.2,0.15,0.3,0.2,0.0,0.4,0.0,0.0,0.6,0.2,0.0,0.1,0.2,0.0,0.0,0.0,0.2
255,Mycobacterium tuberculosis,1,1,0,1,0,1,1,1,0,1,1,0,0,0,1,Ceftibuten,0.5,0.7,0.5,0.4,0.7,0.0,0.6,0.2,0.1,0.1,0.5,0.4,0.4,0.7,0.8,3.8,0.25,0.5,0.7,0.0,0.4,0.0,0.0,0.6,0.2,0.0,0.1,0.5,0.0,0.0,0.0,0.8
256,Mycobacterium tuberculosis,1,1,0,1,0,1,1,1,0,1,1,0,0,0,1,Ceftolozane-tazobactam,0.3,0.2,0.5,0.4,0.5,0.0,0.6,0.2,0.1,0.1,0.2,0.4,0.4,0.2,0.2,2.2,0.15,0.3,0.2,0.0,0.4,0.0,0.0,0.6,0.2,0.0,0.1,0.2,0.0,0.0,0.0,0.2
257,Mycobacterium tuberculosis,1,1,0,1,0,1,1,1,0,1,1,0,0,0,1,Ceftriaxone,0.5,0.7,0.5,0.4,0.7,0.0,0.6,0.2,0.1,0.1,0.5,0.4,0.4,0.7,0.8,3.8,0.25,0.5,0.7,0.0,0.4,0.0,0.0,0.6,0.2,0.0,0.1,0.5,0.0,0.0,0.0,0.8
258,Mycobacterium tuberculosis,1,1,0,1,0,1,1,1,0,1,1,0,0,0,1,Amikacin,0.5,0.1,0.3,0.2,0.0,0.8,0.7,0.7,0.1,0.1,0.7,0.3,0.3,0.0,0.3,4.1,0.27,0.5,0.1,0.0,0.2,0.0,0.8,0.7,0.7,0.0,0.1,0.7,0.0,0.0,0.0,0.3
259,Mycobacterium tuberculosis,1,1,0,1,0,1,1,1,0,1,1,0,0,0,1,Gentamicin,0.6,0.1,0.3,0.2,0.0,0.9,0.7,0.7,0.1,0.1,0.8,0.3,0.3,0.0,0.3,4.4,0.29,0.6,0.1,0.0,0.2,0.0,0.9,0.7,0.7,0.0,0.1,0.8,0.0,0.0,0.0,0.3
260,Mycobacterium tuberculosis,1,1,0,1,0,1,1,1,0,1,1,0,0,0,1,Erythromycin,0.8,0.1,0.2,0.2,0.0,0.9,0.7,0.8,0.1,0.2,0.6,0.9,0.8,0.0,0.9,5.2,0.35,0.8,0.1,0.0,0.2,0.0,0.9,0.7,0.8,0.0,0.2,0.6,0.0,0.0,0.0,0.9
261,Mycobacterium tuberculosis,1,1,0,1,0,1,1,1,0,1,1,0,0,0,1,Amoxicillin-clavulanate,0.5,0.2,0.4,0.3,0.7,0.0,0.6,0.2,0.1,0.1,0.2,0.5,0.5,0.2,0.8,2.9,0.19,0.5,0.2,0.0,0.3,0.0,0.0,0.6,0.2,0.0,0.1,0.2,0.0,0.0,0.0,0.8
262,Mycobacterium tuberculosis,1,1,0,1,0,1,1,1,0,1,1,0,0,0,1,Ampicillin-sulbactam,0.5,0.2,0.4,0.3,0.7,0.0,0.6,0.2,0.1,0.1,0.2,0.5,0.5,0.2,0.8,2.9,0.19,0.5,0.2,0.0,0.3,0.0,0.0,0.6,0.2,0.0,0.1,0.2,0.0,0.0,0.0,0.8
263,Mycobacterium tuberculosis,1,1,0,1,0,1,1,1,0,1,1,0,0,0,1,Oxacillin,0.4,0.8,0.3,0.2,0.9,0.0,0.6,0.2,0.1,0.1,0.6,0.6,0.6,0.8,0.9,3.8,0.25,0.4,0.8,0.0,0.2,0.0,0.0,0.6,0.2,0.0,0.1,0.6,0.0,0.0,0.0,0.9
